-- MySQL dump 10.13  Distrib 8.0.29, for Win64 (x86_64)
--
-- Host: localhost    Database: easyproject
-- ------------------------------------------------------
-- Server version	8.0.29

/*!40101 SET @OLD_CHARACTER_SET_CLIENT=@@CHARACTER_SET_CLIENT */;
/*!40101 SET @OLD_CHARACTER_SET_RESULTS=@@CHARACTER_SET_RESULTS */;
/*!40101 SET @OLD_COLLATION_CONNECTION=@@COLLATION_CONNECTION */;
/*!50503 SET NAMES utf8mb4 */;
/*!40103 SET @OLD_TIME_ZONE=@@TIME_ZONE */;
/*!40103 SET TIME_ZONE='+00:00' */;
/*!40014 SET @OLD_UNIQUE_CHECKS=@@UNIQUE_CHECKS, UNIQUE_CHECKS=0 */;
/*!40014 SET @OLD_FOREIGN_KEY_CHECKS=@@FOREIGN_KEY_CHECKS, FOREIGN_KEY_CHECKS=0 */;
/*!40101 SET @OLD_SQL_MODE=@@SQL_MODE, SQL_MODE='NO_AUTO_VALUE_ON_ZERO' */;
/*!40111 SET @OLD_SQL_NOTES=@@SQL_NOTES, SQL_NOTES=0 */;

--
-- Table structure for table `easyuser`
--

DROP TABLE IF EXISTS `easyuser`;
/*!40101 SET @saved_cs_client     = @@character_set_client */;
/*!50503 SET character_set_client = utf8mb4 */;
CREATE TABLE `easyuser` (
  `id` int NOT NULL AUTO_INCREMENT COMMENT '主键',
  `username` varchar(255) NOT NULL,
  `password` varchar(255) NOT NULL,
  `email` varchar(255) NOT NULL,
  `role` varchar(255) NOT NULL,
  `state` tinyint NOT NULL DEFAULT '0',
  PRIMARY KEY (`id`)
) ENGINE=InnoDB AUTO_INCREMENT=19 DEFAULT CHARSET=utf8mb3;
/*!40101 SET character_set_client = @saved_cs_client */;

--
-- Dumping data for table `easyuser`
--

LOCK TABLES `easyuser` WRITE;
/*!40000 ALTER TABLE `easyuser` DISABLE KEYS */;
INSERT INTO `easyuser` VALUES (1,'admin','123456','123@qq.com','超级管理员',1),(2,'naughty','888888','456@qq.com','普通管理员',1),(10,'Carbine2333','111111','676466019@qq.com','普通用户',1),(11,'张铧文','123456','1111111111@qq.com','普通用户',1),(12,'向理','111111','11111111@qq.com','普通用户',1),(13,'[\'-/?]','123456','1234566@qq.com','普通用户',0),(14,'测试用户1','111111','676466019@qq.com','普通用户',0),(15,'测试用户2','111111','676466019@qq.com','普通用户',0),(16,'测试用户3','111111','676466019@qq.com','普通用户',0),(17,'测试用户4','111111','676466019@qq.com','普通用户',0),(18,'测试用户5','111111','676466019@qq.com','普通用户',0);
/*!40000 ALTER TABLE `easyuser` ENABLE KEYS */;
UNLOCK TABLES;

--
-- Table structure for table `mainmenu`
--

DROP TABLE IF EXISTS `mainmenu`;
/*!40101 SET @saved_cs_client     = @@character_set_client */;
/*!50503 SET character_set_client = utf8mb4 */;
CREATE TABLE `mainmenu` (
  `id` int NOT NULL AUTO_INCREMENT,
  `title` varchar(255) NOT NULL,
  `path` varchar(255) NOT NULL,
  PRIMARY KEY (`id`)
) ENGINE=InnoDB AUTO_INCREMENT=201 DEFAULT CHARSET=utf8mb3;
/*!40101 SET character_set_client = @saved_cs_client */;

--
-- Dumping data for table `mainmenu`
--

LOCK TABLES `mainmenu` WRITE;
/*!40000 ALTER TABLE `mainmenu` DISABLE KEYS */;
INSERT INTO `mainmenu` VALUES (100,'权限管理','/admin'),(200,'沙壁运动平台','/use');
/*!40000 ALTER TABLE `mainmenu` ENABLE KEYS */;
UNLOCK TABLES;

--
-- Table structure for table `submenu`
--

DROP TABLE IF EXISTS `submenu`;
/*!40101 SET @saved_cs_client     = @@character_set_client */;
/*!50503 SET character_set_client = utf8mb4 */;
CREATE TABLE `submenu` (
  `id` int NOT NULL AUTO_INCREMENT,
  `title` varchar(255) NOT NULL,
  `path` varchar(255) NOT NULL,
  `mid` int NOT NULL,
  PRIMARY KEY (`id`),
  KEY `mid` (`mid`),
  CONSTRAINT `submenu_ibfk_1` FOREIGN KEY (`mid`) REFERENCES `mainmenu` (`id`)
) ENGINE=InnoDB AUTO_INCREMENT=207 DEFAULT CHARSET=utf8mb3;
/*!40101 SET character_set_client = @saved_cs_client */;

--
-- Dumping data for table `submenu`
--

LOCK TABLES `submenu` WRITE;
/*!40000 ALTER TABLE `submenu` DISABLE KEYS */;
INSERT INTO `submenu` VALUES (101,'用户列表','/user',100),(102,'修改权限','/rights',100),(103,' 运动模块','/sport',100),(104,'单词本','/word',100),(201,'运动视频','/sportvideo',200),(202,'卡路里','/calories',200),(203,'营养配餐','/food',200),(204,'自定义标题1','/page01',200),(205,'自定义标题2','/page02',200),(206,'自定义标题3','/page03',200);
/*!40000 ALTER TABLE `submenu` ENABLE KEYS */;
UNLOCK TABLES;

--
-- Table structure for table `wordlist`
--

DROP TABLE IF EXISTS `wordlist`;
/*!40101 SET @saved_cs_client     = @@character_set_client */;
/*!50503 SET character_set_client = utf8mb4 */;
CREATE TABLE `wordlist` (
  `en` varchar(255) COLLATE utf8mb4_general_ci DEFAULT NULL,
  `ch` varchar(255) COLLATE utf8mb4_general_ci DEFAULT NULL,
  `pronounce` varchar(255) COLLATE utf8mb4_general_ci DEFAULT NULL,
  `id` int NOT NULL AUTO_INCREMENT,
  PRIMARY KEY (`id`)
) ENGINE=InnoDB AUTO_INCREMENT=3010 DEFAULT CHARSET=utf8mb4 COLLATE=utf8mb4_general_ci;
/*!40101 SET character_set_client = @saved_cs_client */;

--
-- Dumping data for table `wordlist`
--

LOCK TABLES `wordlist` WRITE;
/*!40000 ALTER TABLE `wordlist` DISABLE KEYS */;
INSERT INTO `wordlist` VALUES ('abandon','vt. 丢弃;遗弃;放弃','[4\'b1nd4n]',1),('abandoned','adj. 被抛弃的','[4\'b1nd4nd]',2),('ability','n. (U)能力,本领;(C)才能,才智','[4\'biliti]',3),('able','adj. 能够…的,有能力的','[\'eib4l]',4),('abnormal','adj. 反常的,异常的','[1b\'n3:m4l]',5),('aboard','adv./prep. 在船(或飞机、车)上; 上(船/飞机/车)','[4\'b3:d]',6),('abroad','adv. 到国外,在国外;在传播','[4\'br3:d]',7),('absence','n. 不在,缺席;缺席的时间,外出期;缺乏,不存在','[\'1bs4ns]',8),('absent','adj. 缺席的;缺乏;心不在焉的','[\'1bs4nt, 4b\'sent]',9),('absolute','adj. 绝对的,完全的;不受任何限制的','[\'1bs4lu:t]',10),('absorb','vt. 吸收;吸引…的注意,使全神贯注','[4b\'s3:b]',11),('abstract','adj. 抽象的 n. 摘要 vt. 做…的摘要;提(抽)取','[\'1bstr1kt]',12),('abundant','adj. 大量的,充足的;(in)丰富的,富裕的','[4\'b8nd4nt]',13),('abuse','n. /vt. 滥用;虐待;辱骂,毁谤','[4\'bju:z]',14),('academic','adj. 学院的,学术的,纯理论的 n. 大学教师','[`1k4\'demik]',15),('academy','n. 研究院,学会;(中等以上)专门学校','[4\'k1d4mi]',16),('accelerate','v. (使)加快,(使)增速;','[4k\'sel4reit]',17),('accent','n. 口音,腔调;重音;重音符号 vt. 重读','[\'1ks4nt, 1k\'sent]',18),('acceptance','n. 接受;承认,赞同;容忍','[4k\'sept4ns]',19),('access','vt. 存取(计算机文件) n. 通道,入口;接近,进入;(to)接近(或进入、享用)的机会','[\'1kses]',20),('accident','n. 意外遭遇,事故;意外,意外因素','[\'1ksid4nt]',21),('accidental','adj. 偶然(发生)的;意外的','[`1ksi\'dentl]',22),('accommodation','n. (常pl. )住处,膳宿','[4`k3m4\'dei54n]',23),('accompany','vt. 陪伴,陪同;伴随,和…一起发生; (on/at)为…伴奏/伴唱','[4\'k8mp4ni]',24),('accomplish','vt. 达到(目的),完成(任务),实现(诺言)','[4\'k8mpli5]',25),('accord','vi. 相一致,相符合 vt. 授予,赠与;','[4\'k3:d]',26),('accordance','n. 符合，一致,和谐','[4\'k3:d4ns]',27),('accordingly','adv. 照着,相应地;因此,于是','[4\'k3:di6li]',28),('account','n. 叙述,报告;账,账户;解释,说明 vi. (for)说明…的原因;(数量,比例)占','[4\'k2unt]',29),('accountant','n. 会计人员,会计师','[4\'kaunt4nt]',30),('accumulate','vt. 积累,积聚 vi. 累积,聚积','[4\'kju:mjuleit]',31),('accuracy','n.准确(性),精确(性)','[\'1kjur4si]',32),('accurate','adj. 精确的,准确的','[\'1kjurit]',33),('accuse','vt. 指责;指控','[4\'kju:z]',34),('accustomed','adj. (to)习惯的,适应了的;惯常的','[4\'k8st4md]',35),('achieve','vt. 完成,实现;达到,获得 vi. 成功','[4\'t5i:v]',36),('achievement','n. (C)成绩,成就;(U)实现,完成,达到','[4\'t5i:vm4nt]',37),('acid','n. 酸,酸性物质 adj. 酸的;尖刻的,刻薄的','[\'1sid]',38),('acknowledge','vt. 承认;告知(信件,礼物等)收到;致谢','[4k\'n3lid9]',39),('acquaintance','n. 相识的人,熟人;认识,了解','[4\'kweint4ns]',40),('acquire','vt. 取得,获得,学到','[4\'kw2i4]',41),('acquisition','n. 获得,取得;获得物,增添的人(或物)','[`1kwi\'zi54n]',42),('acre','n. (C)英亩','[\'eik4]',43),('action','n. 行动,行为;作用;情节','[\'1k54n]',44),('activity','n. 活动;活跃','[1k\'tiviti]',45),('actually','adv. 实际上','[\'1kt5u4li]',46),('acute','adj. 严重的,激烈的;敏锐的;(疾病)急性的;尖的,锐的','[4\'kju:t]',47),('ad','n. 广告','[1d]',48),('adapt','vt. 使适应,使适合;修改,改编 vi. (to) 适应','[4\'d1pt]',49),('addition','n. (U)加,加法;(C)增加的人(或物)','[4\'di54n]',50),('additional','adj. 添加的,额外的','[4\'di54n4l]',51),('address','n. 地址;演说,讲话 vt. 写姓名地址;向…讲话,对…发表演说','[4\'dres]',52),('adequate','adj. 充足的,足够的;适当的,胜任的','[\'1dikwit]',53),('adjust','vt. 校正,调整;调节,改变…以适应 vi. (to)适应','[4\'d98st]',54),('administration','n. 管理,经营;管理部门, 行政机关,政府;实行,执行','[4d`minis\'trei54n]',55),('admission','n. 准许进(加)入;入场费,入场券;承认,供认','[4d\'mi54n]',56),('admit','v. 承认,供认;准许…进入,准许…加入','[4d\'mit]',57),('adopt','vt. 收养;采纳,采用;正式通过,批准','[4\'d3pt]',58),('advanced','adj. 超前的,先进的;高级的,高等的;年迈的','[4d\'va:nst]',59),('advantage','n. 有利条件,优点;好处,利益','[4d\'va:ntid9]',60),('adverb','n.副词, 缩写形式为adv.','[\'1dv4:b]',61),('advertise','vt. 做广告,公告 vi. (for)做广告,登公告','[\'1dv4t2iz]',62),('advertisement','n. 广告,公告,启事;广告活动,宣传','[4d\'v4:tism4nt]',63),('advisable','adj. 可取的,适当的','[4d\'v2iz4bl]',64),('advocate','vt. 拥护,提倡 n. 拥护者,提倡者 ;律师','[\'1dv4kit]',65),('aeroplane','n. 飞机','[e4r4plein]',66),('affect','vt. 影响;(在感情方面)打动','[4\'fekt]',67),('affection','n. 喜爱,感情','[4\'fek54n]',68),('afford','vt. 买得起,担负得起;提供,给予','[4\'f3:d]',69),('afterward(s)','adv. 以后，过后，后来','[\'1ft4w4d(z),\'2:ft4w4d(z)]',70),('agency','n. 代理(处),代办处','[eid94nsi]',71),('agenda','n. 议事日程','[4\'d9end4]',72),('agent','n. 代理(商),经纪人;政府特工,政府代表;','[\'eid94nt]',73),('aggressive','adj. [贬]侵略的,好斗的; [褒]敢做敢为的,有进取心的','[4\'gresiv]',74),('agree','v. 同意,赞同;相同,一致;(气候,食物等)相宜','[4\'gri:]',75),('agreement','n. 协定,协议;达成协议,同意;一致','[4\'gri:m4nt]',76),('agriculture','n. 农业,农学','[\'1grik8lt54]',77),('aid','vt. 帮助;援助 n. 帮助,援助;助手,辅助物,辅助手段','[eid]',78),('aim','v. 对准,瞄准;致力,旨在 n. 目标,目的,瞄准,对准','[eim]',79),('aircraft','n. 飞机,航空器','[\'e4kra:ft]',80),('airline','n. (常pl.)航空公司','[\'e4l2in]',81),('alarm','n. 报警器,闹钟;惊恐,忧虑 vt. 使惊恐;向…报警','[4\'la:m]',82),('alcohol','n. 含酒精的饮料,酒精','[\'1lk4h3l]',83),('alert','adj. 留神的;警觉的 n. 警戒(状态);警报 vt. 向…报警,使…警惕','[4\'l4:t]',84),('alike','adj.同样的，相像的；adv.①一样地，相似地②同样程度地','[4\'laik]',85),('alive','adj. 活着的;存在的;热闹的,活跃的;敏感的;充满的','[4\'l2iv]',86),('alliance','n. 结盟,联盟,联姻','[4\'l2i4ns]',87),('allocate','vt. 分配,分派,把…拨给','[\'1l4keit]',88),('allow','vt. 准许,允许;同意给;承认','[4\'l2u]',89),('allowance','n. 津贴,补贴,零用钱','[4\'l2u4ns]',90),('ally','n. 同盟国,同盟者;支持者 v. (with)结盟','[\'1l2i, 4\'l2i]',91),('along','adv. 向前地;一道,一起 prep. 沿着','[4\'l36]',92),('alongside','adv. 在旁边,沿着边,并排地; prep. 在…旁边,沿着…的边;和…在一起;和…相比','[4l36\'s2id]',93),('aloud','adv. 出声地,大声地','[4\'l2ud]',94),('alphabet','n. 字母表','[\'1lf4bet]',95),('alter','vt. 改变,变更','[\'3:lt4]',96),('alternative','adj. 两者择一的,供选择的;另类的 n. 供选择的东西;取舍,选择','[3:l\'t4:n4tiv]',97),('altitude','n. 高度,海拔;(常pl. )高处,高地','[\'1ltitju:d]',98),('aluminium','n. 铝','[4\'lumin4m]',99),('amateur','n. 业余爱好者;外行 adj. 业余(爱好)的','[\'1m4t4,`1m4\'t4:]',100),('amaze','vt. 使…惊奇,惊愕','[4\'meiz]',101),('ambassador','n. 大使,派驻国际组织的代表','[1m\'b1s4d4]',102),('ambition','n. 雄心,野心','[1m\'bi54n]',103),('ambulance','n. 救护车','[\'1mbjul4ns]',104),('amid','prep. 在…中间,被…围绕','[4\'mid]',105),('amount','n. 数量,总额 vi. (to)合计,共计;等同,接近','[4\'m2unt]',106),('amuse','vt. 逗乐,逗笑;给…提供娱乐/消遣','[4\'mju:z]',107),('analysis','n. 分析,分析报告','[4\'n1l4sis]',108),('analyze','vt. 分析,细察,细查','[\'1n4l2iz]',109),('ancestor','n. 祖宗,祖先;原型','[\'1ns4st4]',110),('anchor','n. 锚;给人安全感之物/人 v. 停泊;固定;担任主持人','[\'16k4]',111),('anger','n. 怒,愤怒 vt. 使发怒,激怒','[\'16g4]',112),('angle','n. 角,角度;立场,观点','[\'16g4l]',113),('angry','adj. 愤怒的,生气的','[\'16gri]',114),('ankle','n. (脚)踝,踝关节','[\'16k4l]',115),('anniversary','n. 周年,周年纪念日','[`1ni\'v4:s4ri]',116),('announce','vt. 宣告,宣布,声称;宣布…的到达(或出席),预告','[4\'n2uns]',117),('annoy','vt. 使恼怒,使烦恼;打扰,干扰','[4\'n3i]',118),('annual','adj. 每年的,年度的 n. 年报,年刊,年鉴','[\'1nju4l]',119),('ant','n.蚂蚁','[1nt]',120),('Antarctic','a./n. 南极的,南极','[1n\'t2:ktik]',121),('anticipate','vt. 预料,期望;预先做,提前使用','[1n\'tisipeit]',122),('antique','n. 古董 adj. 古老的,古时的','[1n\'ti:k]',123),('anxiety','n. 焦虑,挂虑;渴望,热望','[16\'z2i4ti]',124),('anxious','adj. 焦虑的,发愁的,令人焦急的;渴望的,急切的','[\'16k54s]',125),('anyhow','adv. 不管怎么说,无论如何,总之','[\'enih2u]',126),('anyway','adv. 不管怎么说,无论如何,至少','[\'eniwei]',127),('apart','adv. [空间,时间上]相间隔;分离,离开,隔开','[4\'pa:t]',128),('apartment','n. 房间;(美)一套公寓房间','[4\'pa:tm4nt]',129),('apologize','vi. 道歉,认错, 谢罪','[4\'p3l4d92iz]',130),('apology','n. 道歉,认错','[4\'p3l4d9i]',131),('apparent','adj. 表面上的,貌似(真实)的;显然的,明白的,清晰可见的','[4\'p1r4nt]',132),('appeal','vi. 呼吁,恳求;上诉,申诉;(to)诉诸,求助于;吸引 n. 呼吁,恳求;吸引力;申诉,上诉','[4\'pi:l]',133),('appear','vi. 出现,显露,来到;看起来像,似乎;产生,发表,问世','[4\'pi4]',134),('appetite','n. 食欲,胃口;欲望','[\'1pit2it]',135),('applause','n. 鼓掌,掌声','[4\'pl3:z]',136),('appliance','n. 器具,器械,装置','[4\'plai4ns]',137),('applicable','adj. 可应用的,可实施的;适当的,合适的','[\'1plik4b4l]',138),('applicant','n. 申请人','[\'1plik4nt]',139),('application','n. 申请(表/书);应用,实施;施用,敷用,涂沫','[`1pli\'kei54n]',140),('apply','vi. 申请,请求;适用 vt. 使用,运用,实施;涂,敷,施','[4\'pl2i]',141),('appoint','vt. 委派,任命 ;约定,确定,指定','[4\'p3int]',142),('appointment','n. 任命,委派;约会,约定;委任的职位','[4\'p3intm4nt]',143),('appreciate','vt. 重视,欣赏;领会,意识到;为…表示感谢','[4\'pri:5ieit]',144),('approach','v. 靠近,接近 n. 接近;途径;方式,方法','[4\'pr4ut5]',145),('appropriate','adj. 适当的,适当的 vt. 私占,侵吞,挪用;拨出(款项等)供专用','[4\'pr4upriit, 4\'pr4uprieit]',146),('approval','n. 赞成,同意;批准,认可','[4\'pru:v4l]',147),('approve','vt. 赞成,同意;批准,核准','[4\'pru:v]',148),('approximate','adj. 大概的,近似的,大约的 v. 近似,接近;估计','[4\'pr3ksimit]',149),('Arabian','adj.阿拉伯的;n.阿拉伯人','[4\'reibj4n]',150),('arbitrary','adj. 随意的,任意的;专断的,专制的','[\'a:bitr4ri]',151),('architect','n. 建筑师,设计师,缔造者','[\'a:kitekt]',152),('architecture','n. 建筑(学/业);建筑式样,建筑风格','[\'2:kitekt54]',153),('arctic','a./n. 北极的,北极','[\'2:ktik]',154),('argue','vi. 争论,争吵,争辩 vt. 证明,主张;说服','[\'a:gju:]',155),('arise','vi. 出现,发生(from);由…引起,起源于','[4\'r2iz]',156),('arithmetic','n.算术','[4\'ri7m4tik]',157),('arouse','vt. 引起,激起;唤醒','[4\'r2uz]',158),('arrange','v. 安排,准备,筹划;整理,排列,布置','[4\'reind9]',159),('arrest','vt. /n. 逮捕,拘留,扣留','[4\'rest]',160),('arrival','n. [抽象]到达,到来;[具体]到达的人或者物','[4\'r2iv4l]',161),('arrive','vi. 到来,到达;(时间等)来临;(at)达成,得出','[4\'r2iv]',162),('arrow','n.①箭，矢，箭状物②箭头符号','[\'1r4u]',163),('article','n. (物品的)一件,物件,商品;文章;条款,规定','[\'a:tik4l]',164),('artificial','adj. 人工的,人造的;[喻]假的,矫揉造作的,模拟的','[`a:ti\'fi54l]',165),('artistic','adj.①艺术(家)的,美术(家)的②富有艺术性的,精彩的','[2:\'tistik]',166),('artistic','adj.①艺术(家)的,美术(家)的②富有艺术性的,精美的，精彩的','[2:\'tistik]',167),('ash','n. 灰,灰烬;(pl. )骨灰,遗骸','[15]',168),('ashamed','adj. 惭愧的,羞耻的,害臊的','[4\'5eimd]',169),('Asia','n.亚洲','[\'ei54]',170),('Asian','n. 亚洲人;adj. 亚洲的,亚洲人的','[\'ei54n]',171),('aside','adv. 在旁边,到(或向)一边','[4\'s2id]',172),('aspect','n. 方面;(建筑物的)朝向,方向;面貌,外观','[\'1spekt]',173),('assemble','vt. 集合,聚集,召集;装配 vi. 集合,聚集','[4\'semb4l]',174),('assembly','n. 立法机构,议会;集会,集合,集会的人们;组装,装配','[4\'sembli]',175),('assess','vt. 对…估价,确定…的数额;评价,评论','[4\'ses]',176),('asset','n. 有价值的人(或物),优点,长处;(pl. ) 资产','[\'1set]',177),('assign','vt. 指派,选派;指定;分配,布置','[4\'s2in]',178),('assignment','n. (分派的)任务,(指定的)作业;分配,指派','[4\'sainm4nt]',179),('assist','vt. 协助,帮助','[4\'sist]',180),('assistance','n. 帮助,援助','[4\'sist4ns]',181),('assistant','n. 助理,助手,助教 adj. 助理的,辅助的','[4\'sist4nt]',182),('associate','vt. 把…联系在一起;使结合 vi. (with)交往 n. 伙伴 adj. 副的','[4\'s4u5ieit]',183),('association','n. 联盟,协会,社团;交往,联合,结合','[4`s4usi\'ei54n]',184),('assume','vt. 假定,设想;承担,担任;呈现,具有','[4\'sju:m]',185),('assumption','n. 假定,臆断;担任,承担','[4\'s8mp54n]',186),('assure','vt. 使确信,使放心;向…保证,保证给','[4\'5u4]',187),('astonish','vt. 使惊讶','[4\'st3ni5]',188),('athlete','n. 运动员,体育家','[\'17lit, \'17li:t]',189),('Atlantic','adj.大西洋的;n.(the) 大西洋','[4t\'l1ntik]',190),('atmosphere','n. 大气层,大气;空气;环境,气氛','[\'1tm4sfi4]',191),('atomic','adj. (关于)原子的;原子能的,原子武器的','[4\'t3mik]',192),('attach','vt. 系,贴,连接;使喜爱,使依恋;认为有(重要性,责任等);使附属','[4\'t1t5]',193),('attack','n./vt. 攻击,非难,疾病发作','[4\'t1k]',194),('attain','vt. 达到,获得','[4\'tein]',195),('attempt','vt./n. 企图,试图,努力','[4\'tempt]',196),('attend','vt. 出席,参加,上(学等);照料,看管 vi. (to)专心于,致力于','[4\'tend]',197),('attention','n. 注意,专心,留心;立正姿势,立正口令','[4\'ten54n]',198),('attitude','n. 态度,看法;姿态,姿势','[\'1titju:d]',199),('attorney','n. 律师,代理人','[4\'t4:ni]',200),('attract','vt. 吸引,引起…注意','[4\'tr1kt]',201),('attraction','n. 吸引,吸引力,诱惑力;具有吸引力的事物(或人)','[4\'tr1k54n]',202),('attractive','adj. 有吸引力的,引起注意的','[4\'tr1ktiv]',203),('attribute','vt. (to) 把…归因于,把(过错、责任等)归咎于 n. 属性,特性','[4\'tribju:t]',204),('audience','n. 听众,观众,读者','[\'3:di4ns]',205),('audio','adj. 听觉的,音频的','[\'3:di`4u]',206),('Australia','n. 澳大利亚','[3\'streili4]',207),('author','n. 作家,著作家;发起人,创始人','[\'3:74]',208),('authority','n. 权力,管辖权;(pl.)官方,当局;当权者,行 政管理机构;权威,专家','[3:\'73riti]',209),('auto','n. 汽车','[\'3:t4u]',210),('automatic','adj. 自动的;不假思索的;必然的,自然的 n. 自动手枪/步枪,有自动装置的汽车','[`3:t4\'m1tik]',211),('automobile','n. 汽车(缩写为auto)','[\'3:t4m4bi:l]',212),('auxiliary','adj. 辅助的,补助的;备用的','[3:g\'zilj4ri]',213),('available','adj. 现成可使用的,可利用的,可获得的; 可取得联系的','[4\'veil4b4l]',214),('avenue','n. 林荫路,大街','[\'1v4nju:]',215),('avoid','vt. 避免,预防,避开','[4\'v3id]',216),('await','vt. 等候,期待,期望;将降临到…身上','[4\'weit]',217),('awake','adj. [表语]醒着的 vt. 唤醒,觉醒 vi. 醒,觉醒,意识到','[4\'weik]',218),('award','vt. 授予,给予;判给,裁定 n. 奖品,奖金','[4\'w3:d]',219),('aware','adj. 意识到,知道的','[4\'we4]',220),('awful','adj. 极坏的,可怕的;(感到)难过的,不舒服的;非常的,极大的','[\'3:ful]',221),('awkward','adj. 尴尬的,棘手的;难操纵的,使用不便的; 笨拙的,不灵巧的','[\'3:kw4d]',222),('ax(e)','n.斧子','[1ks]',223),('background','n. 出生背景,经历;背景资料;(画等的)背景,房子','[\'b1kgr2und]',224),('backward','adj. 向后的,反向的;落后的,进步慢的 adv. [-(s)]向后,往回;朝反方向,倒','[\'b1kw4d]',225),('bacon','n. 咸肉,熏肉','[\'beik4n]',226),('bacteria','n. (pl.)细菌','[b1k\'ti4ri4]',227),('badminton','n. 羽毛球,羽毛球运动','[\'b1dmint4n]',228),('baggage','n. (美)行李','[\'b1gid9]',229),('bake','vt. 烘,焙,烤','[beik]',230),('balance','n. 平衡;天平 vt. 使平衡;称;权衡','[\'b1l4ns]',231),('balcony','n. 阳台;(电影院等的)楼厅,楼座','[\'b1lk4ni]',232),('ball','n. (盛大,正式的)舞会,球,球状物 vt. 把…捏成球状','[b3:l]',233),('balloon','n. 气球','[b4\'lu:n]',234),('ban','vt. 取缔,查禁;(from)禁止 n. 禁止,禁令','[b1n]',235),('band','n. 管乐队;群,伙;带,箍;条纹;波段,频带 v. 用带绑扎','[b1nd]',236),('bang','n. 巨响;猛击 vi. 猛击;砰砰作响 vt. 砰地敲(或推、扔);猛击','[b16]',237),('bankrupt','adj. 破产的,彻底失败的;彻底缺乏的 n. 破产者 vt. 使破产,使枯竭','[\'b16kr8pt]',238),('banner','n. 横幅;旗,旗帜','[\'b1n4]',239),('bar','n. 酒吧,售酒柜台;条,块;闩,栅栏 vt. 闩,在…设栅栏;阻止,拦阻;封锁','[ba:]',240),('barber','n. 理发师','[\'ba:b4]',241),('bare','adj. 赤裸的;光秃秃的;刚刚够的,勉强的 vt. 露出,暴露','[be4]',242),('barely','adv. 仅仅,只不过,几乎不','[\'be4li]',243),('bargain','n. 特价商品,便宜的东西;协议,交易 v. 讨价还价','[\'ba:gin]',244),('bark','vi. (狗等)吠,叫 n. 吠声,叫声;树皮','[ba:k]',245),('barn','n. 谷仓,牲口棚','[ba:n]',246),('barrel','n. 桶;筒,枪(或炮)管 vi. 快速移动','[\'b1r4l]',247),('barrier','n. 栅栏,关卡,检票口;屏障;障碍,隔阂','[\'b1ri4]',248),('baseball','n. 棒球(运动)','[beisb3:l]',249),('basically','adv.基本上，从根本上说','[\'beisik4li]',250),('basin','n. 脸盆,盆;水池,水洼;流域','[\'beis4n]',251),('basis','n. 根据,基础,原则','[\'beisis]',252),('bat','n.①蝙蝠②球棒，球拍','[b1t]',253),('bathe','vt. 给…洗澡 vi. 洗澡;游泳','[bei0]',254),('bathroom','n. 浴室;盥洗室','[\'ba:7rum]',255),('battery','n. 电池(组);一系列,一套','[\'b1t4ri]',256),('bay','n. 湾;(大厅等的)分隔间','[bei]',257),('beam','n. 束,柱;梁,横梁 vt. 播送','[bi:m]',258),('bean','n. 豆','[bi:n]',259),('bear','vt. 忍受;承担;结(果实),生(孩子) n. 熊;(对股市行情)看跌的人','[be4]',260),('beard','n. 胡须','[bi4d]',261),('bearing','n. 举止,风度;(pl. )方位,方向感;轴承','[\'be4ri6]',262),('beast','n. 野兽,牲畜;凶残的人,令人厌憎的人','[bi:st]',263),('beef','n. 牛肉','[bi:f]',264),('beggar','n. 乞丐vt. 使贫穷','[\'beg4(r)]',265),('behalf','n. 利益,方面','[bi\'ha:f]',266),('behave','vi. 表现,举止;运转 vt. (oneself)检点(自己的)行为','[bi\'heiv]',267),('behaviour','n. 行为,表现,举止;运转情况,(事物的)反应','[bi\'heivj4]',268),('being','n. 生物,人;存在','[\'bi:i6]',269),('belief','n. 相信,信任;信念,信仰','[bi\'li:f]',270),('beloved','adj. 所钟爱的,受爱戴的; 爱人','[bi\'l8vd]',271),('beneath','prep. 在…下面,往…下面adv. 在下方,在底下','[bi\'ni:7]',272),('benefit','n. 好处;救济金,保险金 vt. 有益于 vi. 得益','[\'benifit]',273),('beneficial','adj. 有益的,有利于','[`beni\'fi54l]',274),('besides','adv. 而且,此外(还);prep. 除…之外(还有别的)','[bi\'s2idz]',275),('bet','vt. 打赌;敢说,确信 vi. 打赌 n. 打赌;赌金,赌注','[bet]',276),('bible','n. 圣经;有权威的书','[\'b2ibl]',277),('bid','n. 企图,努力;喊价,出价 vi. 喊价,出价,投标 vt. 出(价),喊(价);命令,吩咐','[bid]',278),('billion','n. 十亿','[\'bilj4n]',279),('bind','vt. 捆绑,捆扎;使结合,使粘合;约束;装订','[b2ind]',280),('biology','n. 生物学','[b2i\'3l4d9i]',281),('bite','v. 咬,叮 n. 咬,叮','[b2it]',282),('bitter','adj. 充满仇恨的,激烈的;令人不快的;寒冷入骨的;有苦味的','[\'bit4]',283),('bitterly','adv.苦涩地;惨痛地,痛苦地','[\'bit4li]',284),('blade','n. 刀刃,刀片','[bleid]',285),('blame','vt. 责备;(on,onto)把…归咎于 n. (过错等的)责任;责怪,责备','[bleim]',286),('blank','adj. 空白的,空着的;[喻]茫然的,无表情的 n. 空白处;空白表格','[bl16k]',287),('blast','n. 爆炸;一阵(疾风等),一股(强烈的气流) vt. 炸,炸掉','[bla:st]',288),('bleed','vi. 出血,流血 vt. 勒索…的钱','[bli:d]',289),('blend','vt. (使)混和,(使)混杂 n. 混合物;混和,交融','[blend]',290),('block','n. 一排房屋;街区;大块(木料,冰等);障碍(物) vt. 堵塞;阻碍','[bl3k]',291),('blonde','n. 金(浅)发女郎','[bl3nd]',292),('bloody','adj. [用于加强语气]非常的,该死的;流血的; 残忍的 adv. 非常,很 vt. 使…为血所污,血染','[\'bl8di]',293),('bloom','vi. 开花 n. 花;开花(期);青春焕发','[blu:m]',294),('blouse','n. 女衬衫','[blauz]',295),('blow','v. 吹(动);吹气,充气;吹响,吹奏;使爆炸 n. 一击,打击','[bl4u]',296),('boast','vi. (of, about)自夸,夸耀 vt. 夸口,吹嘘;以拥有… 而自豪 n. 自吹自擂,自夸的话','[b4ust]',297),('boil','vi. 沸腾,开 vt. 煮沸,烹煮','[b3il]',298),('bold','adj. 勇敢的;卤莽的;粗体的,醒目的','[b4uld]',299),('bolt','n. 螺栓;插销,闩 vt. 闩,拴住 vi. 冲出去,逃跑','[b4ult]',300),('bomb','n. 炸弹 vt. 轰炸,投弹于','[b3m]',301),('bond','n. 联结,联系;粘合剂;公债,债券;契约,合同;','[b3nd]',302),('book','vt. 预订,预约 n. 书,书籍','[buk]',303),('boom','n. 激增,繁荣,迅速发展;隆隆声 vi. 激增,繁荣,迅速发展;发出隆隆声','[bu:m]',304),('boost','vt. 提高,使增长;推动,激励;宣扬,替…作广告 n. 提高,增涨;推动,促进','[bu:st]',305),('boot','n. 靴;(汽车后部的)行李箱;[the ～]解雇','[bu:t]',306),('border','n. 边缘,界线;边界,边境 vi. (on)近似,接近;与…接壤 vt. 给…加上边,围;邻接,毗邻','[\'b3:d4]',307),('bore','vt. 使厌烦;钻(孔),挖(洞) n. 令人讨厌的人(或事)','[b3:]',308),('boring','adj. 令人厌烦的,乏味的,无聊的','[\'b3:ri6]',309),('bother','vt. 打扰,麻烦 vi. 担心,烦恼 n. 烦恼,焦急;令人烦恼的人(或事物)','[\'b304]',310),('bounce','v. (使)弹起,(使)反弹,(使)颠跳 n. 弹,反弹','[b2uns]',311),('bound','adj. 必然的;受约束的;(for, to)准备到…去的 vi. 跳跃;弹回 n. 跳跃;(pl.)界限','[b2und]',312),('boundary','n. 分界线,边界,界限','[\'baund4ri]',313),('bow','n. 鞠躬;弓 vt. 低下(头),欠(身);压弯,使俯下 vi. 鞠躬,低头','[b2u, b4u]',314),('brake','n. 制动器,刹车 v. 刹车','[breik]',315),('brand','n. 商标 vt. 打烙印于;加污名于,谴责','[br1nd]',316),('brandy','n. 白兰地酒','[\'br1ndi]',317),('brass','n. 黄铜,黄铜器;铜管乐器','[bra:s]',318),('breadth','n. 宽度;幅度','[bred7]',319),('breast','n. 胸脯,乳房','[brest]',320),('breathe','vi. 呼吸,喘气 vt. 呼吸,吸入,呼出;(低声地)说出','[bri:0]',321),('breed','n. 种,品种 vi. 繁殖,产仔 vt. 饲养,繁殖;养育,培育;酿成,产生','[bri:d]',322),('breeze','n. 微风,轻风','[bri:z]',323),('brick','n. 砖 vt. (up)用砖砌,用砖堵住','[brik]',324),('bride','n. 新娘','[br2id]',325),('brief','adj. 短暂的;简洁的,简短的 vt. 向…介绍基本情况,','[bri:f]',326),('bright','adj. 明亮的,晴朗的;聪敏的;欢快的;鲜艳的,清晰的','[br2it]',327),('brilliant','adj. 光辉的,灿烂的;卓越的,杰出的','[\'brili4nt]',328),('Britain','n. 不列颠,英国(包括英格兰,威尔士和苏格兰)','[\'brit4n]',329),('broadcast','n. 广播,广播节目 vt. 广播,播放','[\'br3:dka:st]',330),('broom','n. 扫帚','[bru:m]',331),('brow','n. 额;眉,眉毛','[br2u]',332),('bubble','n. 泡 vi. 冒泡','[\'b8b4l]',333),('bucket','n. 水桶,吊桶','[\'b8kit]',334),('budget','n. 预算,预算拨款 vi. (for)编预算,做安排 vt. 规划,安排 adj. 低廉的,收费公道的','[\'b8d9it]',335),('build','vt. 建造,修建;建立,创立 vi. 向顶点发展,增长 n. 体型,体格','[bild]',336),('bulb','n. 球状物,球茎;电灯泡','[b8lb]',337),('bulk','n. (巨大的)物体,(大)块;主体,绝大部分;(巨大的)体 积,(大)量 vi. 变得越来越大(或重要) vt. 使更大(或更厚)','[b8lk]',338),('bullet','n.子弹','[\'bulit]',339),('bump','vi. (against, into)碰,撞;颠簸着前进 n. 碰撞,猛撞;肿块;隆起物','[b8mp]',340),('bunch','n. 群,伙;束,串,捆 vi. 集中,挤在一起 vt. 使成一束(或一群等)','[b8nt5]',341),('bundle','n. 捆,包,束 vt. 收集,归拢,把…塞入','[\'b8ndl]',342),('burden','n. 重担,精神负担;使重负,负荷 vt. 加重压于,烦扰;负重,装载','[\'b4:dn]',343),('bureau','n. 局,办事处,分社','[\'bju4r4u]',344),('business','n. 交易,营业(额);工商企业,商店;职业,工作,任务;事务','[\'biznis]',345),('butterfly','n. 蝴蝶','[\'b8t4fl2i]',346),('cab','n. 出租汽车;司机室,驾驶室','[k1b]',347),('cabbage','n. 卷心菜,洋白菜','[\'k1bid9]',348),('cabbage','n.卷心菜，洋白菜','[\'k1bid9]',349),('cabin','n. 小木屋;机舱,船舱','[\'k1bin]',350),('cabinet','n. 贮藏橱,陈列柜;内阁','[\'k1binit]',351),('cable','n. 纲索,缆绳;(海底)电缆;电报;','[\'keib4l]',352),('calculate','vt. 计算,推算;估计;计划,打算','[\'k1lkjuleit]',353),('calculator','n. 计算器','[\'k1lkjuleit4]',354),('calendar','n. 日历,月历','[\'k1lind4]',355),('camel','n.骆驼','[\'k1m4l]',356),('camp','n. 野营,营地;拘留营 vi. 野营,设营,宿营','[k1mp]',357),('campaign','n. 运动;战役 vi. 参加(或发起)运动,参加竞选','[k1m\'pein]',358),('campus','n. (大学)校园','[\'k1mp4s]',359),('Canada','n. 加拿大','[\'k1n4d4]',360),('Canadian','adj. 加拿大的;加拿大人的; n. 加拿大人','[k4\'neidi4n]',361),('canal','n. 运河,沟渠','[k4\'n1l]',362),('cancel','vt. 取消,废除;抵消;删去','[\'k1ns4l]',363),('cancer','n. 癌','[\'k1ns4]',364),('candidate','n. 候选人;报考者;申请求职者','[\'k1ndideit]',365),('candy','n. 糖果','[\'k1ndi]',366),('capable','adj. 有技能的,有能力的','[\'keip4b4l]',367),('capacity','n. 容量,容积;才能,能力','[k4\'p1siti]',368),('capital','n. 资本,资金;首都,首府;大写字母 adj. 大写的;主要的','[\'k1pitl]',369),('captain','n. 上尉;队长,领队;船长,机长','[\'k1ptin]',370),('capture','vt. 捕获,俘获;夺得,占领 n. 捕获,俘获','[\'k1pt54]',371),('carbon','n. 碳','[\'ka:b4n]',372),('career','n. 职业 生涯','[k4\'ri4]',373),('cargo','n. 货物','[\'ka:g4u]',374),('carpenter','n. 木工,木匠','[\'ka:pint4]',375),('carriage','n. (火车)客车厢;马车','[\'k1rid9]',376),('carrier','n. 运输公司,运输工具;带菌者;载重架,置物架','[\'k1ri4]',377),('carrot','n. 胡萝卜','[\'k1r4t]',378),('cart','n. 大车,手推车','[ka:t]',379),('cartoon','n. 漫画,幽默画;动画片','[ka:\'tu:n]',380),('cash','n. 钱,现款 vt. 把…兑现','[k15]',381),('cashier','n. 出纳','[k1\'5i4]',382),('cassette','n. 盒式录音(或录像)带','[k4\'set]',383),('cast','vt. 投,扔;投射(光、视线等),把…加于;浇铸,铸造 n. 全体演员;石膏绷带;铸型,铸件;投,抛','[ka:st]',384),('casual','adj. 漠不关心的,冷淡的;随便的,非正式的;偶然的,碰巧的;临时的,不定期的','[\'k19u4l]',385),('catalog','n. 目录(册);一系列 vt. 将…编入目录','[\'k1t4l3g]',386),('category','n. 种类,类,类别','[\'k1tig4ri]',387),('cautious','adj. 十分小心的,谨慎的','[\'k3:54s]',388),('cave','n. 山洞,洞穴 vi. (in)塌落,倒坍','[keiv]',389),('cease','v. /n. 停止,终止','[si:s]',390),('celebrate','vt. 庆祝;颂扬,赞美 vi. 庆祝,过节','[\'selibreit]',391),('cell','n. 细胞;小牢房,单人小室;电池;基层组织,小组','[sel]',392),('cement','n. 水泥;胶结材料 vt. 粘结,胶合;巩固,使团结','[si\'ment]',393),('centigrade','adj. 摄氏的','[\'sentigreid]',394),('centigrade','adj.摄氏的','[\'sentigreid]',395),('centimeter','n. 厘米(cm)','[\'senti`mi:t4]',396),('central','adj. 中央的,核心的;位于中心的;主要的,起支配作用的','[\'sentr4l]',397),('ceremony','n. 典礼,仪式;礼节,礼仪','[\'serim4ni]',398),('certificate','n. 证(明)书,执照','[s4\'tifikit, s4\'tifik4t]',399),('challenge','vt. 向…挑战;反对,公然反抗;对…质疑,对…怀疑 n. 艰巨的任务;怀疑,质问;挑战,邀请比赛','[\'t51lind9]',400),('chamber','n. 会议厅,会所;(作特殊用途的)房间;腔,室','[\'t5eimb4]',401),('champion','n. 冠军;捍卫者,拥护者','[\'t51mpi4n]',402),('channel','n. 沟渠;海峡,航道;频道;(常pl.)渠道,途径 vt. 形成航道,疏导','[\'t51n4l]',403),('chaos','n. 混乱,紊乱','[\'kei3s]',404),('chap','n. (口)小伙子,男人,家伙','[t51p]',405),('chapter','n. 章,回,篇','[\'t51pt4]',406),('character','n. 性格,品德;性质,特性;人物,角色;(书写或印刷)符号,(汉)字','[\'k1rikt4]',407),('characteristic','adj. 特有的,典型的 n. 特性,特征','[`k1rikt4\'ristik]',408),('characterize','vt. 成为…的特征,以…为特征;描绘(人或物的)特性,描述','[\'k1rikt4raiz]',409),('charge','n. 价钱;指控;充电;掌管 vt. 索(价),要…支付;控告;使充电','[t5a:d9]',410),('charity','n. 救济金,施舍物;(常pl.)慈善团体,慈善事业;宽容,仁慈','[\'t51riti]',411),('charm','n. 迷人的特性,魅力;符咒,咒文 vt. 吸引,迷住','[t5a:m]',412),('charming','adj. 迷人的,可爱的','[\'t52:mi6]',413),('chart','n. 图,图表;航图,海图 vt. 用图表表示,在图上表示','[t5a:t]',414),('charter','vt. 包租 n. 宪章,共同纲领;授予特种权利的法令或正式文件;包租','[\'t5a:t4]',415),('chase','n. /vt. 追逐,追捕,追求','[t5eis]',416),('chat','vi./n. 闲谈,聊天','[t51t]',417),('cheat','vt. 欺骗,骗取 vi. 行骗,作弊 n. 欺骗,欺诈行为;骗子','[t5i:t]',418),('cheer','vt. (使)振奋,(使)高兴;向…欢呼 vi. 欢呼,喝彩 n. 欢呼,喝彩','[t5i4]',419),('cheerful','adj. 高兴的,欢乐的;使人感到愉快的','[\'t5i4ful]',420),('chemical','adj. 化学的 n. 化学药品','[\'kemik4l]',421),('chemist','n. 化学家;药剂师,药商','[\'kemist]',422),('cheque','n. 支票','[t5ek]',423),('chess','n. 国际象棋,棋','[t5es]',424),('chew','v. 咀嚼,咬','[t5u:]',425),('childhood','n. 童年,幼年','[\'t52ildhud]',426),('chill','vt. 使变冷,使冷冻,使感到冷 n. 寒冷,寒气;风寒,寒战','[t5il]',427),('chimney','n. 烟囱,烟道','[\'t5imni]',428),('chin','n. 下巴,颏','[t5in]',429),('china','n. 瓷器','[\'t52in4]',430),('Chinese','n. 中国人,中文;adj. 中国的','[`t5ai\'ni:z]',431),('chip','n. 碎片;(pl. )炸土豆条/片;集成电路片,集成块;缺口,瑕疵 vt. 削(或凿)下(屑片或碎片)','[t5ip]',432),('choke','v. (使)窒息,呛;塞满,塞住','[t54uk]',433),('chop','vt. 砍,劈,斩 n. 排骨','[t53p]',434),('Christ','n. 基督,救世主','[kr2ist]',435),('Christian','n. 基督教徒 adj. 基督教(徒)的','[\'krist54n, \'kristj4n]',436),('Christmas','n. 圣诞节','[\'krism4s]',437),('cigar','n. 雪茄烟','[si\'ga:]',438),('cigarette','n. 香烟,卷烟','[\'sig4`ret, `sig4\'ret]',439),('circuit','n. 电路,线路;环行,环行道','[\'s4:kit]',440),('circular','adj. 圆形的,环形的;循环的,兜圈子的 n. 通知,通告','[\'s4:kjul4]',441),('circulate','v. (使)循环,(使)流通;(使)流传,散布,传播','[\'s4:kjuleit]',442),('circumference','n. 圆周,周长','[s4\'k8mf4r4ns]',443),('circumstance','n. 环境,条件,形势;(pl. )境况, 经济状况','[\'s4:k4mst1ns, \'s4:k4mst4ns]',444),('cite','vt. 引用,引证;传唤,传讯;表彰,嘉奖','[s2it]',445),('citizen','n. 公民,市民','[\'sitiz4n]',446),('civil','adj. 公民的,国内的;平民的,民用的;民事的民法的;文明的,有教养的','[\'siv4l]',447),('civilize','vt. 使文明,使开化','[\'sivilaiz]',448),('civilization','n. 文明,文化','[`sivilai\'zei54n]',449),('civilian','n. 平民,百姓(与军人、警察相对而言)','[si\'vilj4n]',450),('claim','vt. 声称,断言;对…提出要求,索取 n. 要求,认领,索赔;声称,断言','[kleim]',451),('clap','vi./n. 鼓掌,拍手 vt. 拍,击','[kl1p]',452),('clarify','vt. 澄清,阐明','[\'kl1rif2i]',453),('clash','vi. /n. 发生冲突;不协调;砰地相撞,发出刺耳的撞击声','[kl15]',454),('classic','adj. 最优秀的;典型的,标准的;传统式样的,典 雅的 n. 名著,杰作;优秀的典范;(pl. )古典文学,古典语言研究','[\'kl1sik]',455),('classical','adj. 古典的,经典的','[\'kl1sik4l]',456),('classify','vt. 把…分类,把…分级','[\'kl1sif2i]',457),('classification','n. 分类，分级;类别，级别','[`kl1sifi\'kei54n]',458),('clause','n. 条款;从句,分句','[kl3:z]',459),('claw','n. 爪,脚爪 v. (用爪)抓,撕','[kl3:]',460),('clay','n. 粘土,泥土','[klei]',461),('click','v. (使)发出咔哒声 n. 咔哒声','[klik]',462),('client','n. 委托人,当事人,顾客','[\'kl2i4nt]',463),('cliff','n. 悬崖,峭壁','[klif]',464),('climate','n. 气候,气候区;风气,气氛','[\'kl2imit]',465),('cloudy','adj. 多云的;浑浊的;模糊不清的','[kl2udi]',466),('clue','n. 线索,提示','[klu:]',467),('clumsy','adj. 笨拙的,愚蠢的;不得体的','[\'kl8mzi]',468),('coach','n. 教练,指导;长途公共汽车;(铁路)旅客车厢 vt. 训练,指导','[k4ut5]',469),('coarse','adj. 粗的,粗糙的;粗劣的;粗俗的','[k3:s]',470),('code','n. 准则,法规;密码,代码 vt. 把…编码','[k4ud]',471),('coil','n. (一)卷,(一)圈;线圈 v. 卷,盘绕','[k3il]',472),('coin','n. 硬币,钱币 vt. 创造(新词)','[k3in]',473),('collapse','vi. /n. 倒坍,塌下;崩溃,突然失败','[k4\'l1ps]',474),('colleague','n. 同事','[\'k3li:g]',475),('collect','vt. 收集;(去)取;收(账,税等),领取 vi. 积聚 adj./adv. 由对方付费','[k4\'lekt]',476),('collection','n. 收藏品;收取,收集;聚集,积聚','[k4\'lek54n]',477),('collective','adj. 集体的,共同的 n. 团体,集体','[k4\'lektiv]',478),('collision','n. 碰撞;冲突,抵触','[k4\'li94n]',479),('colony','n. 殖民地;(侨民等)聚居区,聚居地; (动植物)的群体,集群','[\'k3l4ni]',480),('column','n. 柱,圆柱;纵队,直行;栏,专栏(文章)','[\'k3l4m]',481),('comb','n. 梳子;(鸡等的)肉冠,冠状物 vt. 梳理;在…搜寻,彻底搜查','[k4um]',482),('combat','n. 战斗,斗争,格斗 v. 与…斗争,与…战斗','[\'k3mb1t]',483),('combine','v. 结合,联合,化合 n. 联合企业(或团体)','[k4m\'b2in]',484),('combination','n. 联合(体),结合(体),化合','[`k3mbi\'nei54n]',485),('comedy','n. 喜剧;喜剧性(事件)','[\'k3midi]',486),('comfort','n. 安慰,慰藉;舒适 vt. 使舒适;安慰,慰问','[\'k8mf4t]',487),('comfortable','adj. 舒适的,舒服的;宽裕的,足够的','[\'k8mf4t4b4l]',488),('command','n. 命令,指示;指挥;控制;掌握,运用能力 vt. 命令,指挥;拥有,掌握;值得,应得;俯临,俯瞰','[k4\'ma:nd]',489),('commander','n. 司令官,指挥员','[k4\'m1nd4, k4\'m2:nd4]',490),('comment','n. 评论,意见;闲话,议论 vi. 评论','[\'k3ment]',491),('commerce','n. 商业,贸易','[\'k3m4:s]',492),('commercial','adj. 商业的,商务的;商品化,商业性的 n. 商业广告','[k4\'m4:54l]',493),('commission','n. 委员会;佣金,回扣;授权,委托 vt. 委任,委托','[k4\'mi54n]',494),('commit','vt. 犯(错误、罪行等),干(蠢事、坏事等);(oneself)使承担义务,使承诺;(to)把…托付给,把…置于;调拨…供使用,拨出','[k4\'mit]',495),('commitment','n. 承诺,保证;信奉,献身;承担的义务','[k4\'mitm4nt]',496),('committee','n. 委员会','[k4\'miti]',497),('communicate','vi. 交流,交际,通讯;连接,相通 vt. 传达,传播;传染','[k4\'mju:nikeit]',498),('communication','n. 交流,通讯;(pl.)通信(或交通)工具,交通联系','[k4`mju:ni\'kei54n]',499),('communism','n. 共产主义','[\'k3mjuniz4m]',500),('communist','n. 共产主义者,共产党员 adj. 共产主义的,共产党的','[\'k3mjunist]',501),('community','n. 社会,社区;团体界;(动植物的)群落','[k4\'mju:niti]',502),('companion','n. 伴侣,同伴','[k4m\'p1ni4n]',503),('comparable','adj. 比得上的;可比较的;类似的','[\'k3mp4r4bl]',504),('comparative','adj. 比较的,相对的','[k4m\'p1r4tiv]',505),('compare','vt. 比较,对照;(to)把…比作 vi. 相比,比得上 n. 比较','[k4m\'pe4]',506),('comparison','n. (with, to)比较,对照;(to)比拟,比喻','[k4m\'p1ris4n]',507),('compass','n. 罗盘,罗盘仪;(pl. )圆规;界限,范围','[\'k8mp4s]',508),('compel','vt. 强迫,迫使','[k4m\'pel]',509),('compete','vi. 比赛,竞争','[k4m\'pi:t]',510),('competent','adj. 有能力的,能胜任的','[\'k3mpit4nt]',511),('competition','n. 竞争,比赛','[`k3mpi\'ti54n]',512),('competitive','adj. 竞争的,比赛的;好竞争的,求胜心切的;(价格等)有竞争力的','[k4m\'petitiv]',513),('complain','vi. 抱怨,诉苦;投诉,控告','[k4m\'plein]',514),('complaint','n.抱怨,诉苦;控告,投诉;疾病','[k4m\'pleint]',515),('complex','adj. 由许多部分组成的,复合的;复杂的, 难懂的 n. 综合体,集合体;情结,夸大的情绪反应','[\'k3mpleks]',516),('complicated','adj. 复杂的,难懂的','[\'k3mplikeitid]',517),('component','n. 成分,元件 adj. 组成的,构成的','[k4m\'p4un4nt]',518),('compose','vt. 组成,构成;创作(乐曲、诗歌等),为…谱曲;使平静,使镇静','[k4m\'p4uz]',519),('composition','n. 构成,成分;结构,布局;作文,作品,乐曲;创作,作曲','[`k3mp4\'zi54n]',520),('compound','n. 化合物,复合物 adj. 化合的,复合的 vt. 使化合,使合成','[\'k3mpaund, \'k4mp2und]',521),('comprehension','n. 理解(力);理解力测验','[`k3mpri\'hen54n]',522),('comprehensive','adj. 广泛的,综合的','[`k3mpri\'hensiv]',523),('compress','vt. 压紧,压缩','[k4m\'pres]',524),('comprise','v. 包含,包括,由…组成;构成,组成','[k4m\'pr2iz]',525),('compromise','n. 妥协,折衷办法 vi. 妥协 vt. 危及,放弃(原则、理想等)','[\'k3mpr4m2iz]',526),('computer','n. 计算机,电脑','[k4m\'pju:t4]',527),('comrade','n. 同志,朋友,同伴','[\'k3mr1d, \'k3mrid]',528),('conceal','vt. 隐藏,隐瞒,掩盖','[k4n\'si:l]',529),('concede','vt. (不情愿的)承认;承认失败;允许,让予 vi. 让步,认输','[k4n\'si:d]',530),('concentrate','vt. 集中,聚集;浓缩 vi. 全神贯注, 全力以赴;集中,聚集 n. 浓缩物,浓缩液','[\'k3ns4ntreit]',531),('concentration','n.①专注,专心②集中③浓缩,浓度','[`k3ns4n\'trei54n]',532),('concept','n. 观念,概念,思想','[\'k3nsept]',533),('concern','n. 关切的事;关心,担心;关联;公司 vt. 涉及;使关心,使担心','[k4n\'s4:n]',534),('concerning','prep. 关于','[k4n\'s4:ni6]',535),('concert','n. 音乐会,演奏会','[\'k3ns4t]',536),('concession','n. 让步,妥协;特许,特许权;承认,认可','[k4n\'se54n]',537),('conclude','v. 推断出,推论出;结束;缔结,议定','[k4n\'klu:d]',538),('conclusion','n. 结论,推论;结尾;缔结,议定','[k4n\'klu:94n]',539),('concrete','n. 混凝土 adj. 实在的,具体的','[\'k36kri:t]',540),('condemn','vt. 极力谴责;判…刑,宣告…有罪','[k4n\'dem]',541),('condense','v. (使)冷凝,(使)凝结;浓缩,压缩,简短','[k4n\'dens]',542),('condition','n. 状况,环境,形势;条件 vt. 训练,适应','[k4n\'di54n]',543),('conduct','n. 举止,行为 v. 管理;指挥,引导;(行为)表现;导电,传热','[\'k3nd4kt, \'k3nd8kt]',544),('conductor','n. (乐队)指挥;(公共汽车等)售票员,列车长;导体','[k4n\'d8kt4]',545),('conference','n. (正式)会议;讨论,商谈','[\'k3nf4r4ns]',546),('confess','v. 承认;坦白,供认','[k4n\'fes]',547),('confidence','n. 信任;信心,自信','[\'k3nfid4ns]',548),('confident','adj. 确信的,肯定的;有信心的,自信的','[\'k3nfid4nt]',549),('confine','vt. (to, within)限制,使局限;使不外出,禁闭;n. (pl. )界限,范围','[k4n\'f2in]',550),('confirm','vt. 证实,肯定;进一步确定,确认;批准','[k4n\'f4:m]',551),('conflict','n. 争论,抵触,冲突;战斗,战争 vi. 冲突,抵触','[\'k3nflikt, k4n\'flikt]',552),('confront','vt. 面临,遭遇;勇敢地面对,正视;使对质, 使当面对证','[k4n\'fr8nt]',553),('confuse','vt. 使困惑,把…弄糊涂;混淆,混乱','[k4n\'fju:z]',554),('confusion','n. 困惑,糊涂;混淆;混乱,骚乱','[k4n\'fju:94n]',555),('congratulate','vt. (on, upon)祝贺,向…道喜','[k4n\'gr1tjuleit]',556),('congratulation','n. (pl. )贺词;(on)祝贺,恭喜','[k4n`gr1tju\'lei54n]',557),('congress','n. 代表大会;国会,议会','[\'k36gres]',558),('conjunction','n. 接合,连接,联合;连(接)词','[k4n\'d986k54n]',559),('connect','v. 连接,连结;联系,结合;给…接通电话 vi. 连接,衔接','[k4\'nekt]',560),('connection','n. 联系,关系;连接;(pl.)熟人,关系(户)','[k4\'nek54n]',561),('conquer','vt. 攻克,征服;破除,克服','[\'k36k4]',562),('conquest','n. 攻取,征服,克服','[\'k36kwest]',563),('conscience','n. 良心','[\'k3n54ns]',564),('conscious','adj. 意识到的,自觉的;神志清醒的;有意的,存心的','[\'k3n54s]',565),('consent','n. /vi. (to)准许,同意,赞成','[k4n\'sent]',566),('consequence','n. 结果,后果;重要(性),重大','[\'k3nsikw4ns]',567),('consequently','ad./v. 因此,所以','[\'k3nsikw4ntli]',568),('conservation','n. 保存,(自然资源的)保护,避免浪费','[`k3ns4\'vei54n]',569),('conservative','adj. 保守的,守旧的;(式样等)不 时新的,传统的 n. 保守的人','[k4n\'s4:v4tiv]',570),('consider','v. 考虑,细想;认为,把…看作;关心,考虑到','[k4n\'sid4]',571),('considerable','adj. 相当大(或多)的','[k4n\'sid4r4b4l]',572),('considerate','adj. 体贴的,体谅的','[k4n\'sid4rit]',573),('consideration','n. 考虑,要考虑的事;体贴,关心','[k4n`sid4\'rei54n]',574),('consist','vi. (of) 组成,构成;(in)存在于','[k4n\'sist]',575),('consistent','adj. 一致的,符合的;坚持的,一贯的','[k4n\'sist4nt]',576),('constant','adj. 始终如一的;不断的;忠实的,忠诚的 n. 常数,恒量','[\'k3nst4nt]',577),('constitute','vt. 组成,构成,形成;设立,建立,任命','[\'k3nstitju:t]',578),('constitution','n. 章程,宪法;体质,素质;组成,设立','[`k3nsti\'tju:54n]',579),('construct','vt. 构筑,建造;对…进行构思,造(句);','[k4n\'str8kt]',580),('construction','n. 建造,建设;建造物;建筑物;结构','[k4n\'str8k54n]',581),('consult','vt. 请教,找…商量;查阅,查看 vi. 交换意见,商议','[k4n\'s8lt]',582),('consultant','n.①顾问②会诊医师,专科医生','[k4n\'s8lt4nt]',583),('consume','vt. 花费,消耗;吃完,喝光;使着迷,充满;烧毁,毁灭','[k4n\'sju:m]',584),('consumer','n. 用户,消费者,消耗者','[k4n\'sju:m4]',585),('consumption','n. 消耗量,消费量;消耗,消费,挥霍','[k4n\'s8mp54n]',586),('contact','n. 接触,联系,交往;熟人,社会关系;(电路的) 触点,接头 vt. 与…取得联系,与…接触','[\'k3nt1kt]',587),('contain','vt. 包含,容纳;控制,抑制','[k4n\'tein]',588),('container','n. (C)容器,集装箱','[k4n\'tein4]',589),('contemporary','adj. 当代的;同时代的 n. 同代人,当代人','[k4n\'temp4r4ri]',590),('content','adj. 满足的 vt. 使满足 n. 内容,目录;含量,成分;满足','[\'k3ntent]',591),('contest','n. 竞赛,比赛;争夺,竞争 vt. 争夺, 与…竞争;对…提出质疑,辩驳','[k4n\'test, \'k3ntest]',592),('context','n. 背景,环境;上下文,语境','[\'k3ntekst]',593),('continual','adj. 不间断的,不停的;多次重复的,频繁的','[k4n\'tinju4l]',594),('continue','v. 继续,延续,延伸','[k4n\'tinju:]',595),('continuous','adj. 连续不断的','[k4n\'tinju4s]',596),('contract','n. (C)合同 vi. 收缩;订合同 vt. 感染;订(约)','[\'k3ntr1kt, k4n\'tr1kt]',597),('contradiction','n. 矛盾,不一致;否认,反驳','[`k3ntr4\'dik54n]',598),('contrary','adj. (to)相反的 n. [the~]相反,相反事物','[\'k3ntr4ri]',599),('contrast','n. 对比;反差 vt. 对比 vi. (with)形成对比','[\'k3ntra:st]',600),('contribute','vi. 捐款,作出贡献;(to)有助于,促成;投稿 vt. 捐,捐献','[k4n\'tribju:t]',601),('contribution','n. 贡献,促成作用;捐款,捐献物;(C)(投给报刊等的)稿件','[`k3ntri\'bju:54n]',602),('controversial','adj. 有争议的','[`k3ntr4\'v4:54l]',603),('controversy','n. 争论,辩论','[\'k3ntr4v4:si]',604),('convenience','n. (U)方便,合宜;(C)便利设施,方便的用具','[k4n\'vi:ni4ns]',605),('convenient','adj. 省力的,方便的;近处的','[k4n\'vi:ni4nt]',606),('convention','n. 习俗,惯例;(C)公约,协议;(C)(正式)会议,(定期)大会','[k4n\'ven54n]',607),('conventional','adj. 普通的,习惯的,常规的;符合习俗的,因循守旧的','[k4n\'ven54n4l]',608),('conversation','n. 谈话,会谈','[`k3nv4\'sei54n]',609),('conversely','adv. 相反(地)','[\'k4nv4:sli]',610),('convert','v./n. (使)转变(使)转化;(使)改变信仰(或态度等)','[k4n\'v4:t, \'k3nv4:t]',611),('convey','vt. 表达,传达,传递;运送,输送','[k4n\'vei]',612),('convict','vt. (经审讯)证明…有罪,宣 判…有罪 n. 囚犯','[k4n\'vikt, \'k3nvikt]',613),('conviction','n. 确信,坚定的信仰;说服,信服;定罪,判罪','[k4n\'vik54n]',614),('convince','vt. 使信服,说服,使确信','[k4n\'vins]',615),('cooperate','vi. (with) 合作,协作,配合','[k4u\'3p4reit]',616),('coordinate','vt. 协调,调节 n. 坐标 adj. 同等的,并列的','[k4u\'3:dineit]',617),('cop','n. 警察','[k3p]',618),('cope','vi. (with)(成功地)应付,(妥善地)处理','[k4up]',619),('copper','n. 铜;铜币','[\'k3p4]',620),('copyright','n. 版权,著作权','[\'k3pir2it]',621),('cord','n. (细)绳;(pl.)灯芯绒裤','[k3:d]',622),('core','n. 果心;核心,要点','[k3:]',623),('corporation','n. 公司','[`k3:p4\'rei54n]',624),('correspond','vi. (with)相符合,成一致;(to)相当,相类似;通信','[`k3ri\'sp3nd]',625),('correspondence','n. 信件,函件;通信,通信联系;符合,一致,相似','[`k3ris\'p3nd4ns]',626),('correspondent','n. 记者,通讯员','[`k3ris\'p3nd4nt]',627),('corresponding','adj. 相应的,相当的;符合的,一致的','[`k3ris\'p3ndi6]',628),('corridor','n. 走廊,通道','[\'k3rid3:,\'k3r4d4]',629),('costly','adj. 昂贵的,代价高的','[\'k3stli]',630),('council','n. 委员会,理事会','[\'k2uns4l]',631),('counsel','n. 律师,法律顾问;忠告,劝告 vt. 劝告,提议','[\'k2uns4l]',632),('counter','n. 柜台;筹码;计数器 vt. 反驳,对抗 adv. 反方向地,对立地','[\'k2unt4]',633),('county','n. 县,郡','[\'k2unti]',634),('court','n. 法院,法庭;球场;宫廷,宫室;庭院,院子','[k3:t]',635),('crack','v. (使)破裂;(使)噼啪地响;打,撞 n. 裂缝;噼啪声','[kr1k]',636),('craft','n. 工艺,手艺;船,航空器','[kra:ft]',637),('crane','n. 起重机;鹤 vt. 伸长(脖子等)','[krein]',638),('crash','vi. 碰撞,坠落;发出撞击声;垮台,破产 vt. 撞击,砸碎; 冲,闯 n. 碰撞,坠落,坠毁;破裂声,哗啦声','[kr15]',639),('crawl','vi. /n. 爬行,匍匐行进;缓慢(或费力)地行进','[kr3:l]',640),('crazy','adj. 荒唐的,古怪的,发疯的;(about)狂热爱好的,着迷的','[\'kreizi]',641),('create','vt. 创造;引起,产生','[kri:\'eit]',642),('creative','adj. 有创造力的,创造(性)的','[kri\'eitiv]',643),('creature','n. 生物,动物,人;创造物,产物','[\'kri:t54]',644),('credit','n. 信贷;赞扬,荣誉,功劳;学分;信任 vt. 信任,相信','[\'kredit]',645),('creep','vi. 爬行,匍匐;蹑手蹑足地走,缓慢地进行','[kri:p]',646),('crew','n. 全体船员,全体机务员;一队工作人员','[kru:]',647),('crime','n. 罪,罪行','[kr2im]',648),('criminal','n. 罪犯,犯人; a. 犯罪的,刑事的','[\'krimin4l]',649),('crisis','n. 危机,危急关头;决定性时刻,关键阶段','[\'kr2isis]',650),('critic','n.批评家,评论家','[\'kritik]',651),('critical','adj.①决定性的,关键性的,危急的②批评的,批判的','[\'kritik4l]',652),('criticism','n.①批评,批判,指责②评论,评论文章','[\'kritisiz4m]',653),('criticize','vt.①批评,批判②评论,评价','[\'kritisaiz]',654),('crowd','v. 挤满,塞满;挤,堆 n. 人群,群众;一群,一批','[kr2ud]',655),('crown','n. 王冠,冕','[kr2un]',656),('crucial','adj. 至关重要的,决定性的','[\'kru:54l]',657),('crude','adj. 粗鲁的,粗俗的;天然的,未加工的;简陋的,粗糙的','[kru:d]',658),('cruise','vi. 航行,巡航;缓慢巡行 n. 航行,游弋','[kru:z]',659),('crush','vt. 压碎,弄皱;镇压,压垮','[kr85]',660),('crust','n. (一片)面包皮,硬外皮;外壳,地壳','[kr8st]',661),('crystal','n. 水晶;结晶 adj. 清澈透明的,水晶(制)的','[\'krist4l]',662),('cube','n. 立方形,立方体;立方,三次幂','[kju:b]',663),('cue','n. 暗示,信号;提示 vt. 提示,暗示','[kju:]',664),('cultivate','vt. 耕作,养植,栽培;培养,陶冶,发展','[\'k8ltiveit]',665),('culture','n. 文化,文明;教养,教育;培养,培植;培养菌','[\'k8lt54]',666),('cupboard','n. 碗橱','[\'k8b4d]',667),('curiosity','n. 好奇(心);奇物,奇事,古玩','[`kju4ri\'3siti]',668),('curious','adj. 好奇的,好求知的;奇特地,稀奇的','[\'kju4ri4s]',669),('curl','n. 鬈发,卷曲(物) vt. 卷,使卷曲 vi. 变鬈;卷曲,扭曲;(烟)缭绕,盘绕','[k4:l]',670),('currency','n. 货币,通货;流行,通行','[\'k8r4nsi]',671),('current','adj. 当前的;流行的 n. (空气、水等的)流,潮 流;电流;趋势','[\'k8r4nt]',672),('curriculum','n. 课程,(学校等的)全部课程','[k4\'rikjul4m]',673),('curse','n. 诅咒;祸害 vt. 诅咒,咒骂','[k4:s]',674),('curve','n. 曲线,弧线;弯曲部,弯曲处 v. (使)弯曲','[k4:v]',675),('cushion','n. 垫子,坐垫','[\'ku54n]',676),('custom','n. 习惯,风俗,惯例;(pl.)海关,关税','[\'k8st4m]',677),('customer','n. 顾客,主顾','[\'k8st4m4]',678),('cycle','n. 自行车,摩托车;循环,周期 vi. 骑自行车,骑摩托车,循环','[\'s2ik4l]',679),('dairy','n. 牛奶场,乳品店;adj. 乳制品的','[\'de4ri]',680),('dam','n. 坝,堤 vt. 筑堤(坝)挡住','[d1m]',681),('damage','vt./n. (U)毁坏,损害 n. (pl.)损害,赔偿(金)','[\'d1mid9]',682),('damn','adj. 该死的,可恶的adv. 极,非常 int. 该死,讨厌 n. 丝毫,一点点 vt. 严厉批评','[d1m]',683),('damp','adj. 潮湿的,微湿的 n. (U)潮湿,湿气 vt. (down)减弱,抑制','[d1mp]',684),('darling','n. [用作称呼]亲爱的;心爱的人,可爱的人adj. 可爱的,心爱的','[\'da:li6]',685),('dash','vi. 猛冲,飞奔 vt. 猛掷,使猛撞 n. 猛冲,飞奔;破折号','[d15]',686),('data','n. 数据,资料','[\'deit4]',687),('daylight','n. (U)白昼,日光','[\'deil2it]',688),('deadline','n. 最后期限','[\'dedl2in]',689),('deaf','adj. 聋的;不愿听的,装聋的','[def]',690),('deal','vt. 分给,给予 n. 交易,协议','[di:l]',691),('debate','v. /n. 争论,辩论','[di\'beit]',692),('debt','n. 欠款,债务,负债','[det]',693),('decade','n. 十年,十年期','[\'dekeid]',694),('decay','vi. 腐烂;衰败 n. 腐烂;衰败状态','[di\'kei]',695),('deceive','v. 欺骗,蒙骗','[di\'si:v]',696),('decent','adj. 体面的,过得去的;宽厚的,大方的;正派的,合乎礼仪的,得体的;','[\'di:s4nt]',697),('decision','n. 决定,决心;坚定,果断','[di\'si94n]',698),('deck','n. 甲板,层面','[dek]',699),('declaration','n. 宣布,宣告;宣言,声明(书);申报','[`dekl4\'rei54n]',700),('declare','vt. 宣布,宣告,声明;断言,宣称;申报 vi. (for, against)表态','[di\'kle4]',701),('decline','n. 下降,减少,衰退 v. 下降,减小;衰退,衰落;','[di\'kl2in]',702),('decorate','vt. 装饰,装璜','[\'dek4reit]',703),('decrease','v. 减小,减少(量) n. 减小,减少','[di\'kri:s, \'di:kri:s]',704),('deed','n. (已完成的)行为,事迹;(常pl.)契约,证书','[di:d]',705),('deer','n. 鹿','[di4]',706),('defeat','vt. 击败,战胜;挫败,使落空 n. 战败,失败;击败,战胜','[di\'fi:t]',707),('defect','n. 缺点,缺陷 vi. 叛变','[di\'fekt, \'di:fekt]',708),('defence','n. 防御,保卫,保护;(pl.)防御工事;辩护,答辩','[di\'fens]',709),('defend','vt. 保卫,保护;为…辩护,为(论文等)答辩','[di\'fend]',710),('define','vt. 给…下定义,解释;限定,规定','[di\'f2in]',711),('definite','adj.明确的,确切的,一定的,肯定的','[\'definit]',712),('definitely','adv.明确地,确切地,一定地,肯定地','[\'definitli]',713),('definition','n. 定义，释义;清晰(度),鲜明(度)','[`defi\'ni54n]',714),('delay','n. 耽搁,延迟 vi. 耽搁,拖延 vt. 推迟,使延期;耽搁,延误','[di\'lei]',715),('delegate','n. 代表,代表团成员 vt. 选举(或委派)…为 代表;授(权),把…委托给','[\'deligeit]',716),('delete','vt. 删除','[di\'li:t]',717),('deliberate','v. 仔细考虑,思考 adj. 故意的,蓄意的; 慎重的,深思熟虑的','[di\'lib4reit]',718),('delicate','adj. 易碎的,脆弱的;微妙的,棘手的;娇弱的,纤细的;精美的,雅致的','[\'delik4t]',719),('delicious','adj. 美味的,芬芳的;有趣的,怡人的','[di\'li54s]',720),('delight','n. (U)高兴;使人高兴的东西 vt. 使高兴,使欣喜 vi. 感到高兴','[di\'l2it]',721),('deliver','vt. 投递;发表,宣布;分娩,给…接生;给予(打击等);解救','[di\'liv4]',722),('delivery','n. 投递,送交;投递的邮件,发送的货物;分娩;讲话方式,演讲风格','[di\'liv4ri]',723),('demand','n. 要求;需要,需求(量) vt. 要求,强令;需要;询问,查问','[di\'m1nd di\'ma:nd]',724),('democracy','n. 民主,民主制;民主国家','[di\'m3kr4si]',725),('democratic','adj. 民主的,有民主精神的','[`dem4\'kr1tik]',726),('demonstrate','vt. 说明,论证;说明,演示;表露, 显示 vi. 举行示威游行(或集会)','[\'dem4nstreit]',727),('dense','adj. 密集的,浓密的;密度大的','[dens]',728),('density','n. 密集,稠密;密度','[\'densiti]',729),('dental','adj. 牙齿的,牙科的','[\'dentl]',730),('deny','vt. 否认;拒绝给予,拒绝…的要求','[di\'n2i]',731),('depart','vi. 离开,出发;(from)背离,违反','[di\'pa:t]',732),('department','n. 部,部门,系','[di\'pa:tm4nt]',733),('departure','n. 离开,出发;背离,违反','[di\'p2:t54]',734),('depend','vi. (on, upon)依靠,依赖;信赖,相信;决定于,视…而定','[di\'pend]',735),('dependent','adj. (on, upon)依赖的,依靠的;取决于…的','[di\'pend4nt]',736),('deposit','n. 定金,押金;存款;沉积物,矿床,矿藏 vt. 使沉淀,使沉积;存放,寄存;储蓄','[di\'p3zit]',737),('depress','vt. (心情)使沮丧,使消沉;(经济)使不景气,削弱;压下,按下','[di\'pres]',738),('depression','n. (心情)抑郁,沮丧;(经济)不景气,萧条(期);洼地,凹陷','[di\'pre54n]',739),('deputy','n. 副职,副手;代表,代理人','[\'depjuti]',740),('derive','vt. (从…)取得,得到;追溯…的起源(或来由) vi. (from) 起源,衍生','[di\'r2iv]',741),('descend','vi. 下来,下降;(from)起源(于),是…的后裔;','[di\'send]',742),('describe','vt. 形容,描写','[di\'skr2ib]',743),('description','n. 描写,形容;种类','[di\'skrip54n]',744),('desert','n. 沙漠,不毛之地 v. 离弃,抛弃;从…开小差,擅离(职守等)','[\'dez4t]',745),('deserve','vt. 应受(奖、罚),应得,值得','[di\'z4:v]',746),('design','v. 设计 n. 设计;图样,图案;企图','[di\'z2in]',747),('desirable','adj. 值得向往的,值得拥有的;可取的,有利的','[di\'z2i4r4b4l]',748),('desire','v. 愿望,渴望,要求 n. 愿望,欲望','[di\'z2i4]',749),('despair','n. 绝望;使人绝望的人(或事物) vi. (of) 绝望,失去希望','[di\'spe4]',750),('desperate','adj. 不顾一切的,孤注一掷的;极需要的;绝望的,危急的','[\'desp4r4t]',751),('despite','prep. 不管,尽管','[di\'sp2it]',752),('dessert','n. (餐后的)甜食,甜点心','[di\'z4:t]',753),('destination','n. 目的地,终点;目标,目的','[`desti\'nei54n]',754),('destroy','vt. 破坏,摧毁;消灭,扑灭','[di\'str3i]',755),('destruction','n. (U)毁灭,破坏,消亡','[di\'str8k54n]',756),('detail','n. 详情,细节;枝节,琐事 vt. 详述,详细说明','[\'di:teil]',757),('detect','vt. 察觉,发现;查明,侦查出','[di\'tekt]',758),('detection','n. (U)察觉,发觉;侦查,探测','[di\'tek54n]',759),('detective','n. 侦探,私人侦探','[di\'tektiv]',760),('determination','n. (U)决心,决定;确定,测定','[di`t4:mi\'nei54n]',761),('determine','v. 下决心,决定;确定,测定','[di\'t4:min]',762),('develop','vt. 发展;开发,研制,成长;显现出;显影 vi. 发展;成长,发育','[di\'vel4p]',763),('development','n. 生长,发展研制,培育,事态发展,新情况','[di\'vel4pm4nt]',764),('device','n. 装置,设备,器械;手段,策略','[di\'v2is]',765),('devil','n. 魔鬼,恶魔;家伙,人','[\'dev4l]',766),('devise','vt. 发明,策划,想出','[di\'v2iz]',767),('devote','vt. (to) 把…奉献(给);把…专用于,致力于','[di\'v4ut]',768),('diagram','n. 图解,简图,图表','[\'d2i4gr1m]',769),('dial','n. 钟(或表)面,标度盘,拨号盘 v. 拨(电话号码),打电话','[\'d2i4l]',770),('dialect','n. 方言,土语','[\'d2i4lekt]',771),('diameter','n. 直径','[d2i\'1mit4]',772),('dictate','v. 口授,口述;命令,支配 n. 命令,规定,要求','[dik\'teit]',773),('diet','n. 日常饮食;(病人或减肥者)特种饮食,规定饮食 vi. 节食','[\'d2i4t]',774),('differ','vi. (from)不同,相异;(在意见方面)发生的分歧','[\'dif4]',775),('difference','n. 差别,差异;差,差额;(意见的)分歧','[\'difr4ns]',776),('different','adj. (from) 差异的,不同的;各别的,另外的;各种的','[\'difr4nt]',777),('dig','v. 掘,挖;戳;搜寻,探究,细查 n. 戳,捅;挖苦,讽刺','[dig]',778),('digest','vt. 消化;吸收,领悟 n. 文摘','[dai\'d9est]',779),('digital','adj. 数字的,数字显示的','[\'did9itl]',780),('dim','adj. 昏暗的;朦胧的;(视力等)模糊不清的 v. (使)变暗淡,(使)变模糊','[dim]',781),('dimension','n. 方面,特点;尺寸;(pl.)面积,规模,程度','[di\'men54n]',782),('dip','vt. 浸,蘸 vi. 落下,下降 n. 浸,蘸','[dip]',783),('diplomatic','adj. 外交的,从事外交的;策略的,有手腕的','[`dipl4\'m1tik]',784),('direct','adj. 直接的;截然的 adv. 直接地 vt. 针对;指导;指路;导演','[di\'rekt]',785),('directly','adv. 直接地,径直地;正好地,截然地;马上,立即','[di\'rektli]',786),('director','n. 指导者,主管,董事;导演','[dai\'rekt4, di\'rekt4]',787),('dirt','n. (U)污垢,土,尘','[d4:t]',788),('dirty','adj. 肮脏的;下流的;卑鄙的 v. 弄脏','[\'d4:ti]',789),('disappear','vi. 不见,消失','[`dis4\'pi4]',790),('disappoint','vt. 失望,失信于;(希望等)破灭,失败(计划等)','[`dis4\'p3int]',791),('disaster','n. 灾难,大祸;彻底的失败','[di\'za:st4]',792),('disc','n. 圆盘,唱片,磁盘','[disk]',793),('discard','vt. 丢弃,抛弃','[dis\'ka:d]',794),('discharge','vt. 排出,发射;允许…离开,解雇;卸(货) vi. 排出,放电 n. 释放;排出,放电','[dis\'t5a:d9]',795),('discipline','n. 纪律;训练,训导;惩罚,处分;学科 vt. 训练,训导;惩罚','[\'disiplin]',796),('discount','n. 折扣 vt. 把…打折扣;不(全)信,漠视,低 估不考虑','[\'disk2unt]',797),('discourage','vt. 使泄气,使灰心;阻止,对阻','[dis\'k8rid9]',798),('discover','vt. 发现,找到,发觉','[dis\'k8v4]',799),('discovery','n. 被发现的事物;发现,发觉','[dis\'k8v4ri]',800),('discuss','vt. 讨论,谈论,论述','[di\'sk8s]',801),('discussion','n. 讨论,谈论,论述','[di\'sk854n]',802),('disease','n. 病,疾病;不健全,弊端','[di\'zi:z]',803),('disguise','vt. 假扮;伪装;掩饰;','[dis\'g2iz]',804),('disgust','n. (U) 厌恶,反感 vt. 使厌恶,使反感','[dis\'g8st]',805),('disk','n. 圆盘;唱片,磁盘,光盘','[disk]',806),('dislike','vt./n. (U)不喜欢,厌恶','[dis\'l2ik]',807),('dismiss','vt. 不接受;解雇;解散,遣散;驳回,不受理','[dis\'mis]',808),('disorder','n. (U)凌乱,混乱;)骚乱,动乱;(身心,机能的)失调,病','[dis\'3:d4]',809),('display','n. /vt. 陈列,展览;显示,表现','[di\'splei]',810),('disposal','n. 丢掉,消除;排列','[dis\'p4uz4l]',811),('dispose','vt. 排列;使有利于 vi. (of)去掉;处理,解决','[di\'sp4uz]',812),('dispute','n. 争论,争吵 vt. 对…表示异议,就…发生争论 vi. 争论,争吵','[di\'spju:t]',813),('dissolve','vi. 溶解,融化;消失,减弱 vt. 使溶解,使融化;解散,结束','[di\'z3lv]',814),('distance','n. 距离,间距,遥远,远方;冷淡,疏远','[\'dist4ns]',815),('distant','adj. 在远处的,久远的;冷淡的,疏远的','[\'dist4nt]',816),('distinct','adj. 有区别的;清楚的;明确的,显著的','[di\'sti6kt]',817),('distinction','n. 差别,不同;区分,辨别;优秀,杰出;荣誉,优待','[di\'sti6k54n]',818),('distinguish','vt. 区别,辨别;看清,听出;(oneself) 使杰出,使扬名','[di\'sti6gwi5]',819),('distress','n. 痛苦,悲伤,忧虑;贫困,困苦;不幸,危难 vt. 使忧虑,使悲伤,使痛苦','[di\'stres]',820),('distribute','vt. 分布,分送;使分布,散布','[di\'stribju:t]',821),('distribution','n. 分发,分配;散布,分布','[`distri\'bju:54n]',822),('district','n. 地区,区,行政区','[\'distrikt]',823),('disturb','vt. 打扰,妨碍;使不安,使烦恼;弄乱,打乱','[di\'st4:b]',824),('ditch','n. 沟,渠道','[dit5]',825),('dive','vi. /n. 跳水,潜水;俯冲,扑','[d2iv]',826),('diverse','adj. (from)不同的,相异的;多种多样的','[d2i\'v4:s]',827),('divide','v. 分开,分配,分享;除;使分歧 n. 分歧,分开,分界线','[di\'v2id]',828),('division','n. 分开,分隔;分配,分担;分歧,分裂;除(法);部门','[di\'vi94n]',829),('divorce','v. /n. 离婚;分离,脱离','[di\'v3:s]',830),('document','n. 公文,文件,证件 vt. 用文件(或文献)等证明,记载','[\'d3kjum4nt]',831),('doll','n. 玩具娃娃,玩偶','[d3l]',832),('domestic','adj. 本国的,国内的;家(庭)的,家用的;驯养的','[d4\'mestik]',833),('dominant','adj. 占优势的,支配的,统治的;居高临下的,高耸的','[\'d3min4nt]',834),('dominate','vt. 在…中占首要地位;支配,统治,控制;耸立于,俯视 vi. 处于支配地位,拥有优势','[\'d3mineit]',835),('donation','n. 捐赠物,捐款;(U)捐赠,赠送','[d4u\'nei54n]',836),('donkey','n.驴','[\'d86ki]',837),('dormitory','n. (集体)宿舍','[\'d3:mit4ri]',838),('dose','n. (一次)剂量,一剂,一份','[d4us]',839),('dot','n. 点,小圆点 vt. 打点于;散布于,点缀','[d3t]',840),('doubtful','adj. (about/of)难以预测的,未定的;怀疑的,可疑的','[\'d2utful]',841),('downtown','adj. 商业区的,闹市区的 adv. 往(在)商业区','[`d2un\'t2un]',842),('downward','adj. 向下的,下行的','[\'d2unw4d]',843),('draft','n. 草稿,草案,草图;汇票;征兵,服役;通风,气流 vt. 起草,草拟;征募,征召…入伍','[dra:ft]',844),('drag','vt. 拖,拉 vi. 拖着脚步走;慢吞吞地进行,拖延;','[dr1g]',845),('dragon','n. 龙','[\'dr1g4n]',846),('drain','vt. 排走;渐渐耗尽 vi. 慢慢流掉,减少 n. 耗竭,消耗;排水沟,排水管','[drein]',847),('drama','n. 剧本;戏剧;戏剧性事件','[\'dra:m4]',848),('dramatic','adj. 引人注目的,突然的;戏剧性的,激动人心的;戏剧的,剧本的 n. (-s)戏剧表演,演剧活动','[dr4\'m1tik]',849),('drawer','n. 抽屉','[dr3:4]',850),('drawing','n. 图画,素描(画);绘画(艺术)','[\'dr3:i6]',851),('drift','vi. 漂流,漂;漂泊,游荡 n. 漂流,漂流物;大意,主旨;趋势,转移','[drift]',852),('drill','n. 钻头,钻床;操练,训练 v. 钻(孔),打(眼);操练,训练','[dril]',853),('drip','v. 滴 n. 滴水声;滴下的液体','[drip]',854),('drown','vi. 淹死,溺死 vt. 使淹死;淹没','[dr2un]',855),('drum','n. 鼓,鼓声;桶,筒 v. 有节奏地敲击','[dr8m]',856),('drunk','adj.①(酒)醉的②陶醉的','[dr86k]',857),('duck','n. 鸭,鸭肉 v. 忽地低下头(或弯下身),躲避','[d8k]',858),('due','adj. 预定的;应给的;应有的,充分的,适当的;应支付的,到期的','[dju:]',859),('dull','adj. 乏味的,单调的;晦暗的,阴沉的;低沉的,沉闷的;愚钝的','[d8l]',860),('dumb','adj. 哑的;(因惊恐等)说不出话的,沉默的','[d8m]',861),('dump','vt. 倾卸,倾倒;倾销,抛售 n. 垃圾场','[d8mp]',862),('durable','adj. 耐用的,持久的','[\'dju4r4bl]',863),('duration','n. 持续,持续期间','[dju4\'rei54n]',864),('dusk','n. (U)薄暮,黄昏','[d8sk]',865),('dust','n. (U)尘土,灰尘;粉末 vt. 擦净,除去…的灰尘;撒于','[d8st]',866),('dye','n. 染料 vt. 给…染色','[d2i]',867),('dying','adj. 垂死的,临终的','[\'d2ii6]',868),('eagle','n. 鹰','[\'i:gl]',869),('earn','vt. 挣得,赚得,获得','[4:n]',870),('earnest','adj. 认真的,诚挚的,热切的','[\'4:nist]',871),('earthquake','n. 地震','[\'4:7kweik]',872),('ease','n. 容易,不费力;悠闲,安适,自在 v. 缓和,解除,减轻','[i:z]',873),('Easter','n. 复活节','[\'i:st4]',874),('eastward','adj. 向东的 adv. 向东','[\'i:stw4d]',875),('echo','n. 回音,回声,共鸣 vi. 发出回声,产生回响 vt. 模仿,重复,附和','[\'ek4u]',876),('economic','adj. 经济的,经济学的; n. [-s]经济学;经济状况','[`i:k4\'n3mik]',877),('economical','adj. 节约的,省俭的,经济的','[`i:k4\'n3mik4l]',878),('economy','n. 经济;节约,节省','[i:\'k3n4mi]',879),('edge','n. 边,棱;刃;优势,优越,地位 v. 侧着移动,徐徐移动','[ed9]',880),('edit','vt. 编辑,选辑,校订;主编,充任…的编辑;剪辑','[\'edit]',881),('edition','n. 版,版本','[i\'di54n]',882),('editor','n. 编辑,编者,校订者','[\'edit4]',883),('editorial','adj. 编辑的,编者的;社论的 n. (报刊的)社论,重要评论','[`edi\'t3:ri4l]',884),('educate','vt. 教育,培养,训练','[\'edjukeit]',885),('effective','adj. 有效的,生效的,起作用的;给人印象深刻的;实际的,事实上的','[i\'fektiv]',886),('efficiency','n. (U)效率,效能,功效','[i\'fi54nsi]',887),('efficient','adj. 效率高的,有能力的','[i\'fi54nt]',888),('eighteen','num.十八','[\'ei\'ti:n]',889),('eighth','num.第八；n.八分之一','[ei7, eit7]',890),('eighty','num.八十','[\'eiti]',891),('elaborate','vi. (on, upon)做详细说明 vt. 详述;精心制作 adj. 精心计划的,详尽的;复杂的','[i\'l1b4r4t, `reit]',892),('elastic','n. 松紧带,橡皮圈 adj. 有弹性的;灵活的,可伸缩的','[i\'l1stik]',893),('elbow','n. 肘;(衣服的)肘部 v. 用肘推,用肘挤','[\'elb4u]',894),('elderly','adj. 较老的,年长的 n. [the ～]到了晚年的人,较老的人','[\'eld4li]',895),('elect','vt. 选举,推举;选择,决定 vi. 进行选举,作出选择','[i\'lekt]',896),('election','n. 选举,推举,当选','[i\'lek54n]',897),('electrical','adj. 电的,与电有关的,电气科学的','[i\'lektrik4l]',898),('electron','n. 电子','[i\'lektr3n]',899),('electronic','adj. 电子的 n. [-s]电子学;电子设备','[i`lek\'tr3nik]',900),('elegant','adj. 优美的,文雅的;简练的,简洁的','[\'elig4nt]',901),('element','n. 元素;成分,要素,元件;(pl.)基础,纲要,原理; (pl.)自然力','[\'elim4nt]',902),('elementary','adj. 基本的;初级的,基础的,小学的','[`eli\'ment4ri]',903),('elevator','n. 电梯,升降机','[\'eliveit4]',904),('eliminate','vt. 消除,排除,根除;淘汰','[i\'limineit]',905),('elsewhere','adv. 在别处,到别处','[`elswe4]',906),('email','(也作E-mail)n.电子邮件；vt.给...发电子邮件','[\'i:meil]',907),('embarrass','vt. 使窘迫,使尴尬,使不好意思','[im\'b1r4s]',908),('embassy','n. 大使馆;大使馆全体成员','[\'emb4si]',909),('embrace','vt. 拥抱;包括,包含;包围,环绕;信奉 n. 拥抱,怀抱','[im\'breis]',910),('emerge','vi. (from)浮现,出现;(问题等)发生,显露,(事实等)暴露','[i\'m4:d9]',911),('emergency','n. 紧急情况,不测事件,非常时刻','[i\'m4:d94nsi]',912),('emit','vt. 发出(光、热、声音等),射出','[i\'mit]',913),('emotion','n. 情感,感情,激情','[i\'m4u54n]',914),('emotional','adj. 表现强烈情感的,令人动情的;易动感情的,情绪激动的;感情(上)的,情绪(上)的','[i\'m4u54n4l]',915),('emperor','n. 皇帝,君主','[\'emp4r4(r)]',916),('emphasis','n. 强调,重点','[\'emf4sis]',917),('emphasize','vt. 强调,着重,加强…的语气','[\'emf4saiz]',918),('empire','n. 帝国','[\'emp2i4]',919),('employ','vt. 雇用;用,使用,利用 n. (U)受雇,雇佣','[im\'pl3i]',920),('employee','n. 受雇者,雇工,雇员','[im\'pl3i`i:]',921),('employer','n. 雇佣者,雇主','[im\'pl3i4]',922),('employment','n. 职业,工作;雇用,使用','[im\'pl3im4nt]',923),('enable','vt. 使能够,使可能,使可行','[i\'neib4l]',924),('enclose','vt. (用篱笆等)围住,包住;把…装入信封,附入','[in\'kl4uz]',925),('encounter','vt. /n. 遭遇,遇到,遭到','[in\'k2unt4]',926),('encourage','vt. 鼓励,激励,怂恿;促进,助长,激发','[in\'k8rid9]',927),('ending','n. 结局,结尾,终结','[\'endi6]',928),('endless','adj. 无止境的,没完没了的','[\'endlis]',929),('endure','vt. 忍受,容忍 vi. 忍受,忍耐,耐住;持久,持续','[in\'dju4]',930),('enemy','n. 敌人,仇敌,敌军','[\'enimi]',931),('energy','n. 干劲,精力,活力;(U)能,能量,能源','[\'en4d9i]',932),('enforce','vt. 实施,生效,执行;强迫,迫使','[in\'f3:s]',933),('engage','vt. 吸引,占用;使从事于,使忙于;雇,聘;使订婚 vi. 从事于,参加','[in\'geid9]',934),('engine','n. 发动机,引擎;机车,火车头','[\'end9in]',935),('engineer','n. 工程师,机械师,火车司机 vt. 策划,操纵;设计,建造','[`end9i\'ni4]',936),('engineering','n. (U)工程(学),工程师行业','[`end9i\'ni4ri6]',937),('England','n. 英格兰,英国','[\'i6gl4nd]',938),('English','n. 英语;英国人;adj. 英国的;英国人的;英语的','[\'i6gli5]',939),('enhance','vt. 提高(质量、价值、吸引力等),增加,加强','[in\'ha:ns]',940),('enlarge','v. 扩大,扩展,扩充;放大','[in\'la:d9]',941),('enormous','adj. 巨大的,极大的,庞大的','[i\'n3:m4s]',942),('ensure','vt. 保证,担保,确保','[in\'5u4]',943),('enterprise','n. (艰巨的)事业,计划;事业心,进取心;','[\'ent4pr2iz]',944),('entertain','vt. 招待,款待;给…娱乐,使快乐 vi. 招待,请客','[`ent4\'tein]',945),('entertainment','n. 娱乐,娱乐节目,表演会;(U)招待,款待,请客','[`ent4\'teinm4nt]',946),('enthusiasm','n. (U)热情,热心;巨大兴趣,热衷的事物','[in\'7ju:zi1z4m]',947),('entitle','vt. 给…权利,给…资格;给(书、文章等)题名','[in\'t2itl]',948),('entrance','n. 入口,大门口;进入,登场,入学','[\'entr4ns]',949),('entry','n. 参赛的人(或物),参赛者名单;进入;入口处,门厅,河口;登记,条目,词条','[\'entri]',950),('environment','n. (C,U)环境,周围状况,自然环境','[in\'v2i4r4nm4nt]',951),('envy','vt. 妒忌,羡慕 n. 妒忌,羡慕;妒忌的对象,羡慕的目标','[\'envi]',952),('episode','n. (一连串事件中的)一个事件;(剧本,小说 等中的)插曲,片断,连续剧的一集','[\'epis4ud]',953),('equal','adj. 相等的;合适的,相当的 vt. 等于;比得上 n. 同等的人','[\'i:kw4l]',954),('equality','n. (U)相等,相同,平等','[i\'kw3liti]',955),('equation','n. 方程(式),等式','[i\'kwei54n]',956),('equip','vt. (with)装备,配备;(智力,体力上)使有准备','[i\'kwip]',957),('equipment','n. (U)设备,器械,装备','[i\'kwipm4nt]',958),('equivalent','adj. 相等的,等价的 n. 相等物,等价物,意义相同的词','[i\'kwiv4l4nt]',959),('era','n. 时代,纪元','[\'ir4, \'i4r4]',960),('erect','adj. 直立的,竖直的,挺直的 vt. 建造,建立;竖立,使直立','[i\'rekt]',961),('error','n. 错误,差错','[\'er4]',962),('escape','vi. 逃跑,逃走;逸出,漏出 vt. 逃避,避开 n. 逃跑,逃避','[i\'skeip]',963),('especially','adv. 特别,尤其,格外','[i\'spe54li]',964),('essay','n. 散文,随笔','[e\'sei]',965),('essential','adj. 绝对必要的,必不可少的,非常重要的;本质的,实质的,基本的 n. (常pl.)要素,要点;必需品','[i\'sen54l]',966),('establish','vt. 建立,创办,设立;确立,确定,证实','[i\'st1bli5]',967),('establishment','n. (U)建立,确立,确定;企业,公司;当权人物','[i\'st1bli5m4nt]',968),('estate','n. (上有大片建筑物的)土地,住宅区;地产,财产, 遗产;(在乡村的)大片私有土地,庄园,种植园','[i\'steit]',969),('estimate','n. 估计,估量;评价,看法 vt. 估计,估量','[\'estim4t, \'estimeit]',970),('Europe','n. 欧洲','[\'ju4r4p]',971),('European','adj. 欧洲的,欧洲人的;n. 欧洲人','[ju4r4\'pi:4n]',972),('evaluate','vt. 评价,估价','[i\'v1ljueit]',973),('eve','n. 前夕,前夜','[i:v]',974),('even','adv. 甚至 adj. 平的;均匀的;均衡的;偶数的 v. 使平坦,使相等','[\'i:v4n]',975),('everyday','adj.每天的，日常的','[\'evidei]',976),('evidence','n. (U)证据,根据,迹象','[\'evid4ns]',977),('evident','adj. 明显的,明白的','[\'evid4nt]',978),('evidently','adv. 显然地,显然','[\'evid4ntli]',979),('evil','adj. 邪恶的,坏的 n. 邪恶,罪恶,祸害','[\'i:v4l]',980),('evolution','n. (U)进化,发展,演变','[`i:v4\'lu:54n]',981),('evolve','v. (使)进化,(使)发展,(使)演变','[i\'v3lv]',982),('exact','adj. 精确的,准确的,确切的 vt. 强求,要求,索取','[ig\'z1kt]',983),('exactly','adv. 精切的,精确地,恰好','[ig\'z1ktli]',984),('exaggerate','v. 夸大,夸张','[ig\'z1d94reit]',985),('exceed','vt. 超过,越出','[ik\'si:d]',986),('exceedingly','adv. 极其,非常地,过分地','[ik\'si:di6li]',987),('excellent','adj. 优秀的,卓越的,杰出的','[\'eks4l4nt]',988),('exception','n. 例外','[ik\'sep54n]',989),('excess','n. 过量,过度,无节制;超越,超过;adj. 过量的,额外的,附加的','[ik\'ses,\'ekses]',990),('excessive','adj. (贬)过多的,过分的,过度的','[ik\'sesiv]',991),('exchange','n. 交换;(U)汇兑,兑换 vt. 交换;交流','[iks\'t5eind9]',992),('excite','vt. 使激动,使兴奋;引起,激动','[ik\'s2it]',993),('excitement','n. 刺激,激动,兴奋;令人兴奋的事, 刺激的因素','[ik\'s2itm4nt]',994),('exciting','adj. 刺激的,令人兴奋的','[ik\'s2iti6]',995),('exclaim','v. 呼喊,惊叫,大声说','[ik\'skleim]',996),('exclude','vt. 把…排除在外,排斥','[ik\'sklu:d]',997),('exclusive','adj. 奢华的,高级的;独有的,独享的;排他的;(of)不包括…的 n. 独家新闻','[ik\'sklu:siv]',998),('excursion','n. 远足,短途旅行','[ik\'sk4:54n]',999),('excuse','vt. 原谅;免除;为辩解,为开脱 n. 借口,理由,辩解','[ik\'skju:z]',1000),('execute','vt. 处死,处决;实施,执行,完成','[\'eksikju:t]',1001),('executive','n. 主管,高级行政人员,行政官;(政府的)行政部门 adj. 执行的,行政的','[ig\'zekjutiv]',1002),('exert','vt. 用(力),尽(力);运用,发挥,施加','[ig\'z4:t]',1003),('exhaust','vt. 使精疲力尽;用光,花光,耗尽;详尽论述;','[ig\'z3:st]',1004),('exhibit','vt. 显示,显出;展出,展览,陈列 n. 展览品,陈列品','[ig\'zibit]',1005),('exhibition','n. 展览(会)','[eksi\'bi5(4)n]',1006),('existence','n. (U)存在;(U)生存,生活(方式)','[ig\'zist4ns]',1007),('exit','n. 出口,通道,安全门;退场,退出 v. 退出,离开','[\'eksit]',1008),('expand','v. 扩大,扩张,扩展;膨胀','[ik\'sp1nd]',1009),('expansion','n. 扩大,扩展,扩张;膨胀','[ik\'sp1n54n]',1010),('expect','vt. 预料,预计…会发生;等待,期待,盼望;要求,认为…必要','[ik\'spekt]',1011),('expectation','n. (U)期待,预期;(pl.)前程,成功的前景','[`ekspek\'tei54n]',1012),('expense','n. (U)价钱,花费,费;(pl. )开支,业务费用','[ik\'spens]',1013),('expensive','adj. 昂贵的,花钱多的','[ik\'spensiv]',1014),('experience','n. 经历,阅历;(U)经验,感受,体验 vt. 经历,体验,感受','[ik\'spi4ri4ns]',1015),('experimental','adj. 实验(性)的,试验(性)的','[ik`speri\'mentl]',1016),('expert','n. 专家,能手;adj. 专家的,熟练的,内行的','[\'eksp4:t]',1017),('explain','v. 讲解,解释,说明','[ik\'splein]',1018),('explanation','n. 解释,说明,阐述','[`ekspl4\'nei54n]',1019),('explode','vi. 爆炸;爆发,发怒;激增,迅速扩大 vt. 使爆炸,使爆发,使突发','[ik\'spl4ud]',1020),('exploit','vt. 剥削;利用,开发,开采 n. (常pl. )业绩,功绩,功勋','[\'ekspl3it]',1021),('explore','v. 探险,勘探,探测;仔细查阅,探索,探究','[ik\'spl3:]',1022),('explosion','n. 爆炸,爆发;激增,扩大','[ik\'spl4u94n]',1023),('explosive','adj. 爆炸的,爆发的;极易引起争论的 n. 炸药','[iks\'pl4usiv]',1024),('export','v. 输出,出口 n. 出口(物),输出(品)','[ik\'sp3:t]',1025),('expose','vt. 暴露,显露;(to)使处于…作用(或影响)之下;曝光;揭露,坦露','[ik\'sp4uz]',1026),('exposure','n. 暴露,显露;揭发,揭露;曝光','[iks\'p4u94]',1027),('extend','vt. 延长,延伸;扩大,扩展;提供,给予,发出 vi. 伸展,延伸,延续;(在范围或应用上)达到','[ik\'stend]',1028),('extension','n. (U)伸出伸展,扩大;延长部分,扩大部分,扩建部分;电话分机,分机号码','[iks\'ten54n]',1029),('extensive','adj. 广大的,广阔的;广泛的,大量的','[iks\'tensiv]',1030),('extent','n. (U)范围,程度,限度;广度,宽度,大小','[iks\'tent]',1031),('exterior','n. 外部,外表,外貌;adj. 外部的,外面的,外表的','[ek\'sti4ri4]',1032),('external','adj. 外部的,外面的,外表的','[ek\'st4:nl]',1033),('extra','adj. 额外的,特别的 adv. 特别地 n. 额外的事物,额外费用','[\'ekstr4]',1034),('extraordinary','adj. 不平常的,特别的,非凡的','[ik\'str3:din4ri]',1035),('extreme','adj. 极度的,极端的;尽头的,末端的 n. 极端,过分','[ik\'stri:m]',1036),('eyesight','n. 视力','[\'2is2it]',1037),('fabric','n. 织物,织品,布;构造,结构,组织','[\'f1brik]',1038),('facility','n. (pl. )设备,设施;便利,容易,方便','[f4\'siliti]',1039),('factor','n. 因素,要素','[\'f1kt4]',1040),('faculty','n. 技能,能力,天赋;系,学料,学院;全体教员','[\'f1k4lti]',1041),('fade','vi. 褪去,褪色;逐渐消失,变微弱,黯淡;凋谢,枯萎 vt. 使褪色','[feid]',1042),('Fahrenheit','n. 华氏温度计','[\'f1r4nhait]',1043),('fail','vi. 失败;失去作用,衰退 vt. 不能;使失望,无助于;没有通过','[feil]',1044),('failure','n. 失败;失败的人(或事);失灵,故障;没做到,不履行','[\'feilj4]',1045),('faint','adj. 模糊的;无力的,微弱的;眩晕的vi./ n. 晕倒,昏厥','[feint]',1046),('fairly','adv. 相当,尚可,还;公平地,公正地','[\'fe4li]',1047),('fairy','n. 小精灵,小仙子','[\'fe4ri]',1048),('faith','n. 信心,信赖;信仰,信条','[fei7]',1049),('faithful','adj. 忠诚的,忠实的,忠贞的;尽职的,责任心强的;如实的,准确可靠的','[\'fei7f4l]',1050),('fame','n. (好)声誉,名声,名望','[feim]',1051),('familiar','adj. 熟悉的,通晓的;冒昧的;随便的,不拘礼节的,非正式的','[f4\'mili4]',1052),('famine','n. 饥荒','[\'f1min]',1053),('fancy','vt. 想要,喜欢;想象,设想;猜想,以为 n. 爱好,迷恋;(U)想象力,幻想力;设想,空想,幻想 adj. 别致的,花式的;昂贵的,高档的','[\'f1nsi]',1054),('fantastic','adj.极好的,极出色的;极大的,难以相信的;异想天开的;古怪的','[f1n\'t1stik]',1055),('fantasy','n. 想象,幻想;想像的产物','[\'f1nt4si]',1056),('fare','vi. 进展 n. (车、船、飞机等)费,票价','[fe4]',1057),('farewell','n. 告别,欢送会','[fe4\'wel]',1058),('farther','adv. 较远地,再往前;在更大程度上 adj. 进一步的,另外的','[\'fa:04]',1059),('fascinating','adj. 迷人的,有极大吸引力的','[\'f1sineiti6]',1060),('fashion','n. 方式,样子;流行款式,时装','[\'f154n]',1061),('fashionable','adj. 符合时尚的,时髦的,流行的','[\'f154n4bl]',1062),('fasten','vt. 扣牢,系牢','[\'fa:s4n]',1063),('fatal','adj. 致命的,灾难性的,毁灭性的;重大的,决定性的','[\'feitl]',1064),('fate','n. 命运','[feit]',1065),('father','n. 父亲;(常pl.)祖先,先辈;创始人,奠基人;神父','[\'fa:04]',1066),('fatigue','n. (U)疲劳,劳累 v. (使)疲劳','[f4\'ti:g]',1067),('fault','n. 缺点,毛病;错误,过失,过错;故障 vt. 挑剔,指责','[f3:lt]',1068),('faulty','adj. 有错误的,有缺点的,出毛病的','[\'f3:lti]',1069),('favor','n. (U)好感,赞同;恩惠 vt. 赞同,喜爱,偏爱;有利于,有助于','[\'feiv4]',1070),('favorable','adj. 赞同的,称赞的;有利的,顺利的','[\'feiv4r4b4l]',1071),('favorite','adj. 特别受喜爱的 n. 特别喜爱的人(或物)','[\'feiv4rit]',1072),('fax','n. (U)传真;传真机,传真件 vt. 传真传输','[f1ks]',1073),('fear','n. 害怕,恐惧,恐惧的原因,令人恐惧的事物 vt. 畏惧,担心','[fi4]',1074),('fearful','adj. 可怕的,吓人的;不安的,忧虑的','[\'fi4f4l]',1075),('feasible','adj. 可行的,可能的,可用的','[\'fi:zib4l]',1076),('feather','n. 羽毛,翎毛','[\'fe04]',1077),('feature','n. 特征,特色;(pl. )面貌,相貌;特写,专题节目;故事片 vt. 突出,由…主演','[\'fi:t54]',1078),('federal','adj. 联邦(制)的,联邦政府的','[\'fed4r4l]',1079),('fee','n. 费,酬金','[fi:]',1080),('feed','vt. 喂(养),为…提供食物;向…提供 vi. 吃,以…为食 n. 饲料','[fi:d]',1081),('feedback','n. (U)反馈,反馈信息','[\'fi:db1k]',1082),('feel','v. 感觉;给人以…感觉;摸索;认为,以为,相信 n. 手感,感觉','[fi:l]',1083),('feeling','n. 感情,体谅,同情;感觉,知觉','[\'fi:li6]',1084),('fellow','n. 人,男子;小伙子;研究员,会员 adj. 同伴的,同类的','[\'fel4u]',1085),('female','n. 雌性动物;女子adj. 雌的,女(性)的','[\'fi:meil]',1086),('fence','n. 栅栏,围栏,篱笆 vt. 把…用栅围起,用栅隔开 vi. 击剑','[fens]',1087),('fertile','adj. 肥沃的,富饶的;多产的;(想象力或创造力)丰富的','[\'f4:t2il]',1088),('fertilizer','n. 肥料','[\'f4:tilaiz4]',1089),('festival','n. [狭义](文化娱乐的)节;[广义]节日,喜庆日','[\'festiv4l]',1090),('fetch','vt. (去)拿来,请来,叫来','[fet5]',1091),('fever','n. 发烧,热度,一时的狂热','[\'fi:v4]',1092),('few','adj./n. [表示否定]很少(的),几乎没有(的)','[fju:]',1093),('fibre','n. 纤维(物质)','[\'f2ib4]',1094),('fiction','n. (U)[总称]小说','[\'fik54n]',1095),('fierce','adj. 凶猛的,残酷的;狂热的,强烈的;猛烈的,激烈的,狂暴的','[fi4s]',1096),('figure','n. 数字;人物;体型;画像;插图 v. 出现;有道理;计算;认为','[\'figj4r, \'fig4]',1097),('file','n. 档案,卷宗,文件;文件夹,公文柜;纵列 vt. 把(文件)归档;把…登记备案,提出(申请书等) vi. (for)提出;排成纵队行进','[f2il]',1098),('filter','n. 滤器,过滤用料,过滤咀 vt. 过滤 vi. 透(过);(消息等)慢慢传开','[\'filt4]',1099),('finally','adv. 最后,终于','[\'f2in4li]',1100),('finance','n. 财政,金融;(pl. )财源,资金,财务情况 vt. 为…提供资金,为…筹措资金','[\'f2in1ns]',1101),('financial','adj. 财政的,金融的','[fi\'n1n54l, fai\'n1n54l]',1102),('find','vt. 找到,发现;发觉,感到,认为;判决,裁决 n. 发现物','[f2ind]',1103),('finding','n. (常pl.)调查(或研究)的结果;(陪审团的)裁决','[\'f2indi6]',1104),('fireman','n. 消防队员','[\'f2i4m4n]',1105),('fisherman','n. 渔民,渔夫','[\'fi54m4n]',1106),('flame','n. 火焰,火舌;强烈的感情','[fleim]',1107),('flash','v. 闪光,闪烁;飞驰,掠过;闪耀,闪现; n. 闪光,闪烁,闪现;闪光灯','[fl15]',1108),('flavor','n. 味,滋味,味道;风味,特色 vt. 给…调味,加味于','[\'fleiv4]',1109),('flee','vi. 逃走,逃掉;vt. 逃离,避开,逃避','[fli:]',1110),('fleet','n. 舰队,船队,车队','[fli:t]',1111),('flesh','n. (U)肉,果肉;肉体;v. 充实,增加细节或详情','[fle5]',1112),('flexible','adj. 易弯曲的,柔韧的;灵活的,可变通的','[\'fleks4b4l]',1113),('flight','n. 空中旅行;航班,班机;飞翔,飞行;楼梯的一段;逃跑','[fl2it]',1114),('float','v. (使)浮动,(使)漂流,(使)漂动','[fl4ut]',1115),('flock','n. 羊群,(鸟、兽等)一群,一伙人;一大批,大量,众多 vi. 群集,聚集,成群','[fl3k]',1116),('flour','n. (U)面粉','[\'fl2u4]',1117),('flourish','vi. 繁荣,茂盛,兴旺 vt. 挥动(以引起注意)','[\'fl8ri5]',1118),('fluent','adj. 流利的,流畅的','[\'flu:4nt]',1119),('fluid','n. 流体,液体 adj. 流体的,流动的','[\'flu:id]',1120),('focus','v. (on)(使)聚焦,(使)集中,聚集; n. 焦点,焦距;(注意,活动等的)中心','[\'f4uk4s]',1121),('fog','n. 雾','[f3g]',1122),('fold','v. 折叠,对折,交叠 n. 褶痕,褶缝,折叠的部分','[f4uld]',1123),('folk','n. (pl. )亲属,父母;人们;(pl. )大伙儿,各位adj. 民间的,普通平民的','[f4uk]',1124),('follow','v. 跟随,接着;遵照,听从;领会;注视;沿着;结果是;懂,理解','[\'f3l4u]',1125),('following','adj. 下述的,接着的 n. 一批追随者','[\'f3l4ui6]',1126),('footstep','n. 脚步,脚步声','[\'futstep]',1127),('forbid','vt. 禁止,不许','[f4\'bid]',1128),('force','n. (pl.)军队,武力;力气;效力 vt. 强迫;用力推动,用力打开','[f3:s]',1129),('forecast','vt. /n. 预测,预报','[\'f3:ka:st]',1130),('forefinger','n. 食指','[\'f3:`fi6g4]',1131),('forehead','n. 额,前额','[\'f3:hed, \'f3rid]',1132),('foreigner','n.外国人','[\'f3rin4]',1133),('forever','adv. 永远,老是','[f4\'rev4]',1134),('forge','vt. 伪造(货币、文件等),假冒;锻造,锤炼','[f3:d9]',1135),('forget','v. 忘记,遗忘;(about)不把…放在心上,丢开','[f4\'get]',1136),('forgive','vt. 原谅,饶恕,宽恕','[f4\'giv]',1137),('fork','n. 叉,餐叉;耙;分叉,岔口','[f3:k]',1138),('formal','adj. 正式的,正规的,合于礼仪的;形式上的,表面的','[\'f3:m4l]',1139),('format','n. 设计,安排;格式,样式,版式 vt. 使格式化','[\'f3:m1t]',1140),('formation','n. (U)形成,组成;形成物,结构;(U)队形,排列','[f3:\'mei54n]',1141),('former','adj. 在前的,以前的,旧时的 n. [the ～]前者','[\'f3:m4]',1142),('formula','n. 原则,方案;公式,方程式;配方','[\'f3:mjul4]',1143),('forth','adv. 向前,往外','[f3:7]',1144),('fortnight','n. 十四天,两星期','[\'f3:tn2it]',1145),('fortunate','adj. 幸运的,侥幸的','[\'f3:t54n4t]',1146),('fortunately','adv. 幸运地,幸亏','[\'f3:t54n4tli]',1147),('fortune','n. (大量)财产,大笔的钱;运气,时运,命运','[\'f3:t54n]',1148),('found','vt. 创立,创办,创建','[f2und]',1149),('foundation','n. (pl.)地基;基础,基本原理,根据; 基金会;建立,设立,创办','[f2un\'dei54n]',1150),('fountain','n. 喷泉','[\'f2untin]',1151),('fourteen','num.十四','[\'f3:\'ti:n]',1152),('fraction','n. 小部分,片断;分数','[\'fr1k54n]',1153),('fragment','n. 碎片,碎块,断片 v. (使)成碎片','[\'fr1gm4nt]',1154),('frame','n. 镜框,框架;构架 vt. 给…镶框;陷害,诬告;制定,表达','[freim]',1155),('framework','n. 框架,构架;参照标准,准则,观点;构成方式,体系','[\'freimw4:k]',1156),('frank','adj. 坦白的,直率的','[fr16k]',1157),('freedom','n. (U)自由','[\'fri:d4m]',1158),('freeze','v. (使)结冰,(使)冻结 n. 冻结;冰冻期','[fri:z]',1159),('freight','n. (U)货运,(运输中的)货物 vt. 运送(货物),装货于(船等)','[freit]',1160),('frequency','n. (U, C)次数,频率;经常发生,频繁','[\'fri:kw4nsi]',1161),('fridge','n. 冰箱','[frid9]',1162),('frighten','vt. 使惊恐,吓唬','[\'fr2itn]',1163),('frog','n. 蛙','[fr3g]',1164),('frontier','n. 边境,边界;[the~]开发地区的边缘,边远地 区;(常pl. )前沿,新领域','[\'fr8nti4]',1165),('frost','n. 霜冻,严寒天气;霜,白霜 v. 结霜(于)','[fr3st]',1166),('frown','v. /n. 皱眉,蹙额','[fr2un]',1167),('fruitful','adj. 多产的,富有成效的','[\'fru:tf4l]',1168),('frustrate','vt. 使沮丧,使灰心;挫败,使受挫折','[fr8\'streit]',1169),('fry','vt. 油煎,油炸,油炒','[fr2i]',1170),('fulfill','vt. 履行,实现,完成;满足(愿望、要求等),使满意','[ful\'fil]',1171),('function','n. 功能,作用,职能;重大聚会(或宴会);函数, 随他物变化而变化的事物 vi. 工作,运行,起作用','[\'f86k54n]',1172),('fund','n. 基金,专款;储备,蕴藏;(常pl. )资金,存款,现款 vt. 为…提供资金,给…拨款','[f8nd]',1173),('fundamental','adj. 基本的,根本的,基础的 n. (常pl.)基本原则,基本法则','[`f8nd4\'mentl]',1174),('funeral','n. 葬礼,丧礼','[\'fju:n4r4l]',1175),('fur','n. (U)柔毛,软毛;毛皮;(常pl.)毛皮衣服','[f4:]',1176),('furnace','n. 熔炉,火炉','[\'f4:nis]',1177),('furnish','vt. 布置(房间等),为…配备家具;供应,提供,装备','[\'f4:ni5]',1178),('furthermore','adv. 而且,此外','[`f4:04\'m3:]',1179),('fuss','n. (U)忙乱,大惊小怪 vi. 小题大做,大惊小怪;(为小事)烦恼,过于忧虑','[f8s]',1180),('future','adj. 未来的 n. (U)将来,未来,今后;前途,前景;(pl.)期货','[\'fju:t54]',1181),('gallery','n. 画廊,美术馆;楼座,(议会等的)旁听席;廊台,走廊','[\'g1l4ri]',1182),('gallon','n. 加仑','[\'g1l4n]',1183),('game','n. 游戏;运动项目;一局,一盘,一场;(pl.)运动会;猎物,野味','[geim]',1184),('gang','n. (一)帮,(一)伙,(一)群 vi. (up)聚集,结成一伙','[g16]',1185),('gap','n. 缺口,裂口;间隔,间隙;差距;不足,缺陷','[g1p]',1186),('garage','n. 车库,汽车修理行','[g4\'ra:9, \'g1ra:9]',1187),('garbage','n. (U)垃圾,废物;废话;无用(或不正确的)资料','[\'ga:bid9]',1188),('gardener','n. 园丁,园艺爱好者','[\'ga:dn4]',1189),('garlic','n. (U)大蒜','[\'ga:lik]',1190),('gas','n. 气体;煤气;汽油;毒气 vt. 用毒气毒(死);加油','[g1s]',1191),('gasoline','n. 汽油','[\'g1s4li:n]',1192),('gather','v. 聚集,收集,采集;逐渐增加;猜想,推测','[\'g104]',1193),('gay','adj. 同性恋的;色彩鲜艳的,欢乐的 n. (尤指男)同性恋者','[gei]',1194),('gaze','vi. /n. 凝视,注视(at, on, upon)','[geiz]',1195),('gear','n. 齿轮,传动装置,(排)挡;(从事某项活动所需的)用具,设备,衣服 vt. 使适应,使适合','[gi4]',1196),('gene','n. 基因','[d9i:n]',1197),('generally','adv. 一般地,通常;普遍地,广泛地','[\'d9en4r4li]',1198),('generate','vt. 生成,产生(光,热,电等);引起,导致','[\'d9en4reit]',1199),('generator','n. 发电机,发生器','[\'d9en4reit4]',1200),('generous','adj. 慷慨的,大方的;宽厚的,宽宏大量的;大量的,丰富的','[\'d9en4r4s]',1201),('genius','n. (U)天才,天赋;天才人物','[\'d9i:ni4s]',1202),('gentle','adj. 和蔼的,温和的;轻柔的,徐缓的;不陡的,坡度小的','[\'d9entl]',1203),('genuine','adj. 真的,非人造的;[喻]真诚的,真心的','[\'d9enjuin]',1204),('geometry','n. (U)几何(学)','[d9i\'3mitri]',1205),('germ','n. 微生物,细菌,病菌;(某事的)发端,萌芽','[d94:m]',1206),('gesture','n. (U, C)姿势,手势;(人际交往时做出的)姿 态,表示 v. 做手势(表示)','[\'d9est54]',1207),('ghost','n. 鬼魂,幽灵;痕迹,一点点','[g4ust]',1208),('giant','n. 巨人;才智超群的人;adj. 巨大的','[\'d92i4nt]',1209),('given','adj. 规定的,特定的;假设的,已知的;(to)有癖好的,有倾向的;prep. 考虑到','[\'giv(4)n]',1210),('glance','vi. 看一眼,扫视 n. 一瞥,扫视','[gla:ns]',1211),('glimpse','vt. /n. 一瞥,一看','[glimps]',1212),('global','adj. 全球的,全世界的;总的,完整的','[\'gl4ub4l]',1213),('globe','n. 地球,世界;地球仪;球体','[gl4ub]',1214),('glorious','adj. 光荣的;壮丽的,辉煌的;令人愉快的,极好的','[\'gl3:ri4s]',1215),('glory','n. (U)光荣,荣誉;美丽,壮丽','[\'gl3:ri]',1216),('glove','n. 手套','[gl8v]',1217),('glow','n. 光亮,光辉;脸红,(身体)发热;激情 vi. 灼热,发(灼)光;(脸)红,(身体)发热;(感情等)洋溢','[gl4u]',1218),('glue','n. 胶,胶水 vt. 胶合,粘贴','[glu:]',1219),('goal','n. 目标,目的;进球得分;球门','[g4ul]',1220),('golf','n. (U)高尔夫球运动','[g3lf]',1221),('goodness','int. 天哪 n. (U)善良,美德;好意','[\'gudnis]',1222),('goods','n. 货物,商品;财产','[gudz]',1223),('govern','vt. 统治,治理,管理;支配,影响','[\'g8v4n]',1224),('governor','n. 州长,地方长官;主管,理事,董事','[\'g8v4n4]',1225),('grab','vt. 攫取,抓取;赶紧做;抓住(机会) vi. (at)抓(住),夺(得) n. 抓,夺','[gr1b]',1226),('grace','n. 优美,优雅;(pl.)风度,魅力;(付款等的)宽限,缓期 vt. 使优美,给…增光','[\'greis]',1227),('graceful','a. 优美的,优雅的;得体的','[\'greisful]',1228),('gradual','adj. 逐渐的,逐步的;坡度平缓的,不陡的','[\'gr1d9u4l]',1229),('graduate','n. (尤指大学)毕业生;研究生adj. 研究生的 v. (使)毕业','[\'gr1d9uit]',1230),('grain','n. (U)谷物;谷粒,颗粒,细粒;少量,微量','[\'grein]',1231),('gram','n. 克(缩写为g)','[gr1m]',1232),('grammar','n. 语法(书)','[\'gr1m4]',1233),('grand','adj. 宏伟的,壮丽的;重大的,重要的;傲慢的;绝佳的,极好的;全部的','[gr1nd]',1234),('grant','n. 拨款,授予物 vt. 授予,同意,准予','[gra:nt]',1235),('grape','n. 葡萄','[greip]',1236),('graph','n. 图表,图解,曲线图','[gr1f]',1237),('grasp','vt. /n. 抓紧,抓牢;理解,领会','[gra:sp]',1238),('grateful','adj. 感激的,感谢的','[\'greitful]',1239),('gratitude','n. (U)感激,感谢','[\'gr1titju:d]',1240),('grave','n. 坟墓;adj. 严重的;严肃的,庄重的','[greiv]',1241),('gravity','n. (U)重力,地心引力;严重;严肃,庄重','[\'gr1viti]',1242),('greedy','adj. 贪食的,嘴馋的;贪婪的,贪心的;渴望的','[\'gri:di]',1243),('greenhouse','n. 温室,暖房','[\'gri:nh2us]',1244),('grind','vt. 磨,磨碎,碾碎;(down)折磨,压迫 vi. 摩擦得吱吱作响 n. 苦差事,苦活儿','[gr2ind]',1245),('grip','n. 紧握,抓牢;掌握,控制 vt. 握紧,抓牢;','[grip]',1246),('grocer','n. 食品杂货商(店)','[\'gr4us4]',1247),('gross','adj. 总的,毛的;严重的,显著的;粗俗的,粗野的;臃肿的 vt. 获得…总收入(或毛利)','[gr4us]',1248),('growth','n. (U)增长,增加;增长量;生长,发展;生长物','[gr4u7]',1249),('guarantee','vt. 保证,担保 n. 保证,保证书','[`g1r4n\'ti:]',1250),('guidance','n. (U)指引,指导,领导','[\'g2id4ns]',1251),('guide','n. 导游,向导;指引物;指南 vt. 给…导游,给…领路;指导','[g2id]',1252),('guideline','n. (常pl.)指导方针,准则','[\'g2idl2in]',1253),('guilty','adj. 内疚的;(of)有罪的','[\'gilti]',1254),('guitar','n. 吉他,六弦琴','[gi\'ta:]',1255),('gulf','n. 海湾;巨大的分歧,鸿沟','[g8lf]',1256),('gum','n. 牙龈;口香糖;(U)树胶','[g8m]',1257),('guy','n. 家伙,伙计','[g2i]',1258),('gymnasium','n. 体育馆,健身房','[d9im\'neizi4m]',1259),('habit','n. 习惯,习性','[\'h1bit]',1260),('halt','n. 停止,停住,暂停 v. (使)停止,(使)停住','[h3:lt]',1261),('ham','n. 火腿','[h1m]',1262),('hammer','n. 锤,榔头 v. 锤击,敲打','[\'h1m4]',1263),('handbag','n. (女用)手提包','[\'h1ndb1g]',1264),('handful','n. 一把;一小撮,少数,少量,难以控制的人','[h1ndful]',1265),('handkerchief','n. 手帕','[\'h16k4t5if]',1266),('handle','vt. 处理,应付,对待;操作;拿,触,摸 n. 柄,把手','[\'h1ndl]',1267),('handsome','adj. (男子)英俊的;(女子)端庄健美的;相当大的,可观的','[\'h1nds4m]',1268),('handwriting','n. (U)笔迹,书法','[\'h1nd`r2iti6]',1269),('handy','adj. 方便的;手边的,近便的;手巧的','[\'h1ndi]',1270),('harbor','n. 海港,港口,避风港 vt. 庇护,藏匿;心怀(怨恨等)','[\'ha:b4(r)]',1271),('harden','v. (使)变硬,(使)硬化;(使)变得坚强,(使)变得冷酷无情','[\'ha:dn]',1272),('hardly','adv. 几乎不,简直不;刚刚,仅仅','[\'ha:dli]',1273),('hardship','n. 艰难,困苦','[\'ha:d5ip]',1274),('hardware','n. 五金器具;硬件','[\'ha:dwe4]',1275),('harm','n. /vt. 伤害,损害,危害','[ha:m]',1276),('harmony','n. 和谐,融洽,一致','[\'ha:m4ni]',1277),('harness','n. 马具,挽具 vt. 治理,利用;给(马等)上挽具','[\'ha:nis]',1278),('harsh','adj. 严厉的,严酷的;刺耳的,刺目的,毛糙的','[ha:5]',1279),('harvest','n. 收获,收割,收成 vt. 收割,收获','[\'ha:vist]',1280),('haste','n. 急速,急忙','[heist]',1281),('hatred','n. 憎恶,憎恨','[\'heitrid]',1282),('hay','n. (U)干草','[hei]',1283),('hazard','n. 危险,公害 vt. 尝试着做(或提出);冒…的危险','[\'h1z4d]',1284),('heading','n. 标题','[\'hedi6]',1285),('headline','n. 大字标题;(pl. )新闻提要','[\'hedl2in]',1286),('headquarters','n. 指挥部;总部','[\'hed`kw3:t4z]',1287),('heal','vt. 使愈合;治愈,使康复;调停(争吵等),消除(分歧等) vi. 愈合,痊愈,恢复健康','[hi:l]',1288),('heap','n. (一)堆;大量,许多 v. (使)成堆,堆起','[hi:p]',1289),('hear','vt. 听见;得知;审讯,听证 vi. 听说,得知;收到…的信或电话','[hi4]',1290),('hearing','n. 听力,听觉;听力所及之距离;意见(或证言)听取会,申辩(或发言)的机会','[\'hi4ri6]',1291),('heave','vt. (用力)举起,提起;扔;(沉重地)发出(叹息、呻吟等) vi. (at, on)(用力)举起,拉,拖;(有节奏地)起伏,隆起;呕吐,恶心 n. 举起,升降','[hi:v]',1292),('hedge','n. (矮树)树篱;防备,障碍物 vt. 用篱笆围 vi. 避免直接回答','[hed9]',1293),('heel','n. 脚后跟,踵;(鞋、袜等的)后跟','[hi:l]',1294),('helicopter','n. 直升机','[\'helik3pt4]',1295),('hell','n. 地狱;极不愉快的经历(或事),用于加强语气','[hel]',1296),('helpful','adj. 有益的;给予帮助的,肯帮忙的','[\'helpf4l]',1297),('helpless','adj. 无助的,无保护的,不能自立的;无法抗 拒的,不由自主的','[\'helpl4s]',1298),('hen','n.母鸡,雌禽','[hen]',1299),('hen','n.母鸡，雌禽','[hen]',1300),('hence','adv. 因此,所以;今后,从此','[hens]',1301),('herd','n. 兽群,物群 v. 使…集中在一起;成群的移动','[h4:d]',1302),('heroic','adj. 英雄的,英勇的,崇高的','[hi\'r4uik]',1303),('hesitate','vi. 犹豫,踌躇;不情愿','[\'heziteit]',1304),('highlight','vt. 强调,突出,使显著 n. 最精彩的部分,最重要的事件','[\'h2il2it]',1305),('highly','adv. 高度地,极,非常;非常赞许地','[\'h2ili]',1306),('highway','n. 公路,交通要道','[\'h2iwei]',1307),('hint','v. 暗示 n. 暗示,示意;细微的迹象;(常pl. )建议','[hint]',1308),('hip','n. 臀部,髋部','[hip]',1309),('historic','adj. 历史上著名的,具有历史意义的','[his\'t3rik]',1310),('historical','adj.历史(上)的,史学的','[his\'t3rik4l]',1311),('hit','v. 打,击中;碰撞 n. 一击,击中;成功而风行一时的事物','[hit]',1312),('hollow','adj. 空的,中空的,凹陷的;(声音)沉闷的;虚伪的,空虚的 n. 洼地,洞,穴;vt. 挖空,弄凹','[\'h3l4u]',1313),('holy','adj. 神圣的,圣洁的;虔诚的','[\'h4uli]',1314),('honey','n. 蜂蜜;甜蜜;[常作爱称]宝贝儿,亲爱的','[\'h8ni]',1315),('honorable','adj. 光荣的,荣誉的;可敬的,高尚的','[\'3n4r4b4l]',1316),('hook','n. (c)钩,钩状物 vt. 钩住','[huk]',1317),('hopeful','adj. 有希望的;怀有希望的','[\'h4upf4l]',1318),('hopeless','adj. 绝望的,没有希望的;无能的,糟透的','[\'h4uplis]',1319),('horizon','n. 地平线;(常pl. )眼界,见识','[h4\'r2iz4n]',1320),('horizontal','adj. 地平的,水平的','[`h3ri\'z3nt4l]',1321),('horn','n. (牛,羊,鹿等的)角;号角,喇叭,警报器','[h3:n]',1322),('horrible','adj. 可怕的,骇人听闻的;极讨厌的,使人不愉快的','[\'h3r4bl]',1323),('horror','n. 恐怖;憎恶;令人恐怖的(或讨厌)的事物(或人)','[\'h3r4]',1324),('horsepower','n. 马力','[\'h3:sp2u4]',1325),('host','n. 主人,东道主;节目主持人;许多','[h4ust]',1326),('hostile','adj. 敌对的,敌意的;敌方的','[\'h3st2il]',1327),('household','n. 家庭,户;adj. 家庭的,家用的,普通 的;家喻户晓的','[\'h2ush4uld]',1328),('housewife','n. 家庭主妇','[\'h2usw2if]',1329),('housing','n. (U)房屋,住宅;住房建筑,住房供给;外壳,外罩','[\'h2uzi6]',1330),('humble','adj. 谦虚的;地位(或身份)低下的,卑微的;简陋的,低劣的 vt. 使谦恭,使卑下','[\'h8mb4l]',1331),('humor','n. (U)幽默,诙谐;情绪,心境','[\'hju:m4]',1332),('humorous','adj. 幽默的,诙谐的','[\'hju:m4r4s]',1333),('hunt','v. /n. 打猎,猎取;(for)搜寻,寻找;驱逐,追逐,追捕','[h8nt]',1334),('hut','n. 小屋,棚屋','[h8t]',1335),('hydrogen','n. 氢','[\'h2idr4d94n]',1336),('ice-cream','n. 冰淇淋','[\'2iskri:m]',1337),('ideal','a. 完美的,理想的,想象中的 n. 理想,理想的事物','[ai\'di4l]',1338),('identical','adj.①(to, with)相同的,相等的②同一的','[ai\'dentik4l]',1339),('identify','vt.①认出,鉴定②(with)把...等同于;vi. (with)认同','[ai\'dentifai]',1340),('identity','n. 身份;个性,特征;同一性,一致性','[2i\'dentiti]',1341),('idle','adj. 懒散的,无所事事的;空闲的;无用的,无效的 vi. 懒散,无所事事 vt. (away)虚度(光阴)','[\'2idl]',1342),('ignorance','n. 无知,愚昧','[\'ign4r4ns]',1343),('ignorant','adj. (of)不知道的;无知的,愚昧的','[\'ign4r4nt]',1344),('illegal','adj. 不合法的,非法的','[i\'li:g4l]',1345),('illustrate','vt. 说明,阐明;给…作插图说明','[\'il4streit]',1346),('illustration','n. 举例说明;图解,插图','[`il4\'strei54n]',1347),('image','n. 形象,声誉;印象;像,映像,图像;','[\'imid9]',1348),('imaginary','adj. 想象中的,假想的,虚构的','[i\'m1d9in4ri]',1349),('imagination','n. 想像,想像力;(U)空想，幻觉;(U)想象出来的事物','[i`m1d9i\'nei54n]',1350),('imagine','v. 想象,设想,料想,猜想','[i\'m1d9in]',1351),('imitate','vt. 模仿,仿效;仿制,仿造','[\'imiteit]',1352),('immense','adj. 广大的,巨大的','[i\'mens]',1353),('immigrant','n. 移民,侨民','[\'imigr4nt]',1354),('impact','n. 影响,作用;冲击,碰撞','[\'imp1kt]',1355),('impatient','adj. 不耐烦的,急躁的;热切的,急切的','[im\'pei54nt]',1356),('implement','vt. 使生效,履行,实施 n. 工具,器具,用具','[\'implim4nt]',1357),('implication','n. 含意,暗示,暗指;卷入,牵连','[`impli\'kei54n]',1358),('imply','vt. 暗示,含有…的意思','[im\'pl2i]',1359),('import','n. 进口,输入;(pl. )进口(商品),输入额;意义,重要性 vt. 进口,输入','[im\'p3:t, \'imp3:t]',1360),('impose','vt. (on)把…强加于;征(税等),处以(罚款、监禁等)','[im\'p4uz]',1361),('impress','vt. [抽象]给…以深刻的印象,使铭记;(具体)印,压印','[im\'pres]',1362),('impression','n. 印象,感觉;印记,压痕','[im\'pre54n]',1363),('impressive','adj. 给人印象深刻的','[im\'presiv]',1364),('improve','v. 改进,改善','[im\'pru:v]',1365),('improvement','n. (U)改进,增进;改进处','[im\'pru:vm4nt]',1366),('incident','n. 发生的事;事件,事变','[\'insid4nt]',1367),('incline','v. (使)倾斜;(使)倾向于,赞同 n. 斜坡,斜面','[in\'kl2in]',1368),('increasingly','adv. 日益,越来越多地','[in\'kri:si6li]',1369),('incredible','adj. 不能相信的,不可信的;难以置信的,惊人的','[in\'kred4b4l]',1370),('independence','n. 独立,自主,自立','[`indi\'pend4ns]',1371),('independent','adj. 独立的,自主的;无偏见的,中立的;不相关连的,无关的','[`indi\'pend4nt]',1372),('index','n. 索引;标志,表征;指数,指标 vt. 为…编索引,把…编入索引','[\'indeks]',1373),('indicate','vt. 标示,指示,指出;表明,示意','[\'indikeit]',1374),('indication','n. (U)指示,表示;象征,迹象','[`indi\'kei54n]',1375),('indifferent','adj. 不感兴趣的,漠不关心的; 一般的,(表现)平平的','[in\'difr4nt]',1376),('indirect','adj. 间接的,迂回的;不直截了当的,婉转的','[`indi\'rekt]',1377),('indispensable','adj. 必不可少的,必需的','[`indis\'pens4b4l]',1378),('individual','adj. 个别的,单独的,个人的;(to, for)独特的 n. 个人,个体','[`indi\'vid9u4l]',1379),('indoor','adj. (在)室内的,(在)户内的;adv. [-s]在室内,在户内','[\'ind3:]',1380),('industrial','adj. 工业的,产业的','[in\'d8stri4l]',1381),('industrialize','v. (使)工业化','[in\'d8stri4laiz]',1382),('inevitable','adj. 不可避免的,必然(发生)的','[in\'evit4bl]',1383),('infant','n. 婴儿,幼儿 adj. 婴儿的,幼稚的,初期的','[\'inf4nt]',1384),('infect','v. 感染,传染;影响','[in\'fekt]',1385),('infer','vt. 推论,推断','[in\'f4:]',1386),('inference','n. 推断结果,结论;推论,推理,推断','[\'inf4r4ns]',1387),('inferior','adj. 劣等的,次的;下级的 n. 下级,下属','[in\'fi4ri4]',1388),('infinite','adj. 无限的,无穷的,无边无际的','[\'infinit]',1389),('inflation','n. (U)通货膨胀;(充气而引起的)膨胀','[in\'flei54n]',1390),('influence','n. 影响,影响力;产生影响的人(或事物);势力,权势 vt. 影响','[\'influ4ns]',1391),('influential','adj. 有影响的,有权势的','[`influ\'en54l]',1392),('inform','vt. 通知,报告 vi. 告发,检举','[in\'f3:m]',1393),('ingredient','n. (混合物的)组成部分,成分,(烹调的)原料;(构成)要素,因素','[in\'gri:di4nt]',1394),('inhabitant','n. 居民,住户','[in\'h1bit4nt]',1395),('inherit','vt. 继承','[in\'herit]',1396),('initial','adj. 开始的,最初的 n. (pl. )(姓名等的)首字母','[i\'ni54l]',1397),('initiative','n. 主动性,首创精神;主动的行动,倡议;主动权','[i\'ni5i4tiv]',1398),('injection','n. 注射,注入','[in\'d9ek54n]',1399),('injure','vt. 伤害,损害,损伤','[\'ind94]',1400),('injury','n. 损害,伤害;受伤处','[\'ind94ri]',1401),('inn','n. 小旅馆,客栈,小酒馆','[in]',1402),('inner','adj. 内部的,里面的;内心的','[\'in4]',1403),('innocent','adj. (of)清白的,无罪的,无辜的; 无害的,没有恶意的;天真的,幼稚的','[\'in4s4nt]',1404),('input','n. (U)输入,投入;输入物,输入的数据 vt. 把…输入计算机','[\'input]',1405),('inquire','v. 打听,询问','[in\'kw2i4]',1406),('inquiry','n. 打听,询问;调查','[in\'kwai4ri,\'inkwiri]',1407),('insect','n.昆虫,虫','[\'insekt]',1408),('insert','vt. 插入,嵌入','[in\'s4:t]',1409),('insight','n. 洞察力,洞悉,深刻的见解','[\'ins2it]',1410),('inspect','vt. 检查,视察','[in\'spekt]',1411),('inspire','vt. 鼓舞,激起;给…以灵感','[in\'sp2i4]',1412),('install','vt. 安装,设置,安置;使就职,任命','[in\'st3:l]',1413),('installation','n. 装置,设备,设施;安装,安置;就任,就职','[`inst4\'lei54n]',1414),('instance','n. 例子,实例,事例','[\'inst4ns]',1415),('instant','adj. 立即的,即刻的;紧急的,急迫的;(食品)速溶的,方便的 n. 瞬间,时刻','[\'inst4nt]',1416),('instead','adv. 作为替代;反而,却','[in\'sted]',1417),('instinct','n. 本能,直觉;生性,天性','[\'insti6kt]',1418),('institute','n. 学会,研究所,学院 vt. 制定,创立','[\'institju:t]',1419),('institution','n. (教育、慈善等)社会公共机构; 制度,习俗;(U)设立,创立,制定','[`insti\'tju:54n]',1420),('instruct','vt. 指示,命令,通知;教育,指导','[in\'str8kt]',1421),('instrument','n. 仪器,器械,工具;乐器','[\'instrum4nt]',1422),('insult','vt. 侮辱,辱骂 n. 侮辱,凌辱','[in\'s8lt]',1423),('insurance','n. 保险,保险费','[in\'5u4r4ns]',1424),('insure','vt. 给…保险;保证,确保','[in\'5u4]',1425),('integrate','v. (使)合并,使成整体','[\'intigreit]',1426),('intellectual','adj. 智力的,善于思维的 n. 知识分子','[`inti\'lekt5u4l]',1427),('intelligence','n.①智力，智慧，理解力②情报，消息','[in\'telid94ns]',1428),('intelligent','adj.','[in\'telid94nt]',1429),('intend','vt. 想要,打算,计划;打算使(成为),想让…做','[in\'tend]',1430),('intense','adj. 强烈的,剧烈的,紧张的;认真的,专注的;热情的,热切的','[in\'tens]',1431),('intensity','n. 强烈,剧烈;强度','[in\'tensiti]',1432),('intensive','adj. 加强的,集中的,密集的;','[in\'tensiv]',1433),('intention','n. 意图,意向,目的','[in\'ten54n]',1434),('interaction','n. 相互作用,相互影响','[`int4\'r1k54n]',1435),('interfere','vi. 干涉,介入;妨碍,干扰','[`int4\'fi4]',1436),('interference','n. 干涉,介入;阻碍,干扰','[`int4\'fi4r4ns]',1437),('interior','n. 内部;[the ～]内地;adj. 内部的;内地的,国内的','[in\'ti4ri4]',1438),('intermediate','adj. 中间的;中级的','[`int4\'mi:di4t]',1439),('internal','adj. 内的,内部的;国内的,内政的;内心的','[in\'t4:nl]',1440),('Internet','n. (U)[the ～]因特网,国际互联网','[\'int4net]',1441),('interpret','vi. 口译,翻译 vt. 解释,说明诠释','[in\'t4:prit]',1442),('interpretation','n. 解释,说明;(表演、演奏的)艺术处理','[`int4pri\'tei54n]',1443),('interrupt','v. 打断,打扰;中止,阻碍','[`int4\'r8pt]',1444),('interval','n. 间隔,间距;幕间(或工间)休息','[\'int4v4l]',1445),('interview','n. 接见,会见;面谈,面试 vt. 面试;会见,采访','[\'int4vju:]',1446),('intimate','adj. 亲密的,密切的;个人的,私下的 n. 至交,密友 vt. 暗示,提示','[\'intimit]',1447),('introduction','n. 介绍;引进,传入;引言,导论','[`intr4\'d8k54n]',1448),('invade','vt. 侵入,侵略,侵袭','[in\'veid]',1449),('invasion','n.入侵,侵略,侵犯','[in\'vei94n]',1450),('invent','vt. 发明,创造;捏造,虚构','[in\'vent]',1451),('invention','n. 发明,创造;捏造,虚构;发明(或创造)的才能','[in\'ven54n]',1452),('invest','vt. 投资;投入(时间,精力等);授予,赋予 vi. (in)投资','[in\'vest]',1453),('investigate','v. 调查,调查研究','[in\'vestigeit]',1454),('investment','n. 投资,投资额;(时间、精力等的)投入','[in\'vestm4nt]',1455),('invisible','adj. 看不见的,无形的','[in\'viz4b4l]',1456),('invitation','n. 邀请;邀请书,请柬;吸引,诱惑','[`invi\'tei54n]',1457),('involve','vt. 包含,含有;使卷入,使参与;牵涉','[in\'v3lv]',1458),('inward','adj. 内心的;里面的,内部的 adv. [-(s)]向内','[\'inw4d]',1459),('isolate','vt. 使隔离,使孤立','[\'2is4leit]',1460),('issue','n. 问题,争论点;发行,(书刊的)一期;分发,流 出 vt. 发行,颁布,出版;分发,发给 vi. 流出,发出','[\'i5u:, \'isju:]',1461),('item','n. 条,条款,项目;(新闻等的)一条,一则','[\'2it4m]',1462),('jail','n. 监狱,看守所vt. 监禁,拘留','[d9eil]',1463),('jam','n. (U)果酱;拥挤,堵塞;卡住 vt. 将…塞进,堵塞,挤满;使卡住;干扰(广播等) vi. 挤入;卡住','[d91m]',1464),('jar','n. 罐子,广口瓶 v. (使)感到不快,刺激(神经等);震动,摇动','[d9a:]',1465),('jaw','n.颌，颚','[d93:]',1466),('jazz','n.爵士乐','[d91z]',1467),('jealous','adj. 妒忌的,猜忌的;精心守护的','[\'d9el4s]',1468),('jeans','n.(pl.)工装裤,牛仔裤','[d9i:nz]',1469),('jet','n. 喷气式飞机,喷气发动机;喷嘴,喷射口;喷射,喷流 vi. 乘喷气式飞机','[d9et]',1470),('jewel','n.宝石,宝石饰物','[\'d9u:4l]',1471),('joint','adj. 连接的;共同的,联合的 n. 关节;接头,接合处','[d93int]',1472),('journal','n. 杂志,期刊,日报;日志,日记','[\'d94:n4l]',1473),('journalist','n.新闻记者,新闻工作者','[\'d94:n4list]',1474),('judgement','n. 看法,意见,评价;判断,判断力;审判,判决','[\'d98d9m4nt]',1475),('jungle','n. 丛林,密林;乱七八糟的一堆','[\'d986g4l]',1476),('junior','adj. 年少的,较年幼的;资历较浅的,地位较低的 n. 年少者;地位较低者,晚辈;(美国中学或大学的)三年级学生','[\'d9u:ni4]',1477),('jury','n. 陪审团;(竞赛或展览的)评判委会','[\'d9u4ri]',1478),('justice','n. (U)正义,公正;司法,法律制裁','[\'d98stis]',1479),('justify','vt. 证明…正当(或有理),为…辩护','[\'d98stif2i]',1480),('keen','adj. (on)热心的,渴望的;敏锐的,敏捷的;','[ki:n]',1481),('kettle','n.水壶','[\'ketl]',1482),('keyboard','n.键盘','[\'kib3:d]',1483),('kid','n. 小孩,年轻人v. 戏弄,(与…)开玩笑','[kid]',1484),('kindergarten','n.幼儿园','[\'kind4g2:tn]',1485),('kindness','n. 亲切,仁慈,好意;仁慈(或好心)的行为','[\'k2indnis]',1486),('kingdom','n. 王国;领域,界','[\'ki6d4m]',1487),('kneel','vi. 跪','[ni:l]',1488),('knot','n. (绳等的)结;(木材上的)节疤;(航速单位)节 vt. 把…打成结,把…结牢','[n3t]',1489),('label','n. 标签,标记;称号 vt. 贴标签于;把…称为','[\'leib4l]',1490),('laboratory','n. 实验室','[\'l1br4t3:ri, l4\'b3r4t4ri]',1491),('lad','n.男孩,小伙子','[l1d]',1492),('lad','n.男孩，小伙子','[l1d]',1493),('lag','vi. 走得慢,落后 n. 滞后,(时间上的)间隔','[l1g]',1494),('lamb','n.①羔羊,小羊②羔羊肉','[l1m]',1495),('landlord','n.地主,房东,(旅店)店主','[\'l1ndl3:d]',1496),('landlord','n.地主，房东，(旅店)店主','[\'l1ndl3:d]',1497),('landscape','n. 风景,景色;风景画;全景 vt. 美化…的景观','[\'l1ndskeip]',1498),('lane','n. (乡间)小路,小巷;车道,跑道,泳道;航道,航线','[lein]',1499),('lap','n. 膝上;(跑道的)一圈;(旅程的)一段 v. (动物)舔,舔食;(波浪等)拍打','[l1p]',1500),('largely','adv. 大部分,主要地','[\'la:d9li]',1501),('laser','n.激光','[\'leiz4]',1502),('latter','n. 后者 adj. 后者的;后一半的,末了','[\'l1t4]',1503),('laughter','n. (U) 笑,笑声','[\'la:ft4]',1504),('launch','vt. 发动,发起(运动),推出(产品);(into, in)使开始 从事;使(船)下水;发射 n. 发射,(船)下水,(新产品)投产','[l3:nt5]',1505),('laundry','n. 洗衣店,洗衣房;洗好的衣服,待洗的衣服','[\'l3:ndri]',1506),('lavatory','n. 厕所,盥洗室','[\'l1v4t4ri, \'l1v4`t3:ri]',1507),('lawn','n.草地,草坪','[l3:n]',1508),('lawn','n.草地，草坪','[l3:n]',1509),('layer','n. 层,层次','[\'lei4]',1510),('layout','n. 布局,安排,设计','[\'lei2ut]',1511),('leader','n. 领袖,领导者','[\'li:d4]',1512),('leadership','n. 领导,领导层','[\'li:d45ip]',1513),('leading','adj. 最重要的,主要的;首位的,带头的,领衔的','[\'li:di6]',1514),('leak','vi. (使)漏,(使)渗出;泄露,走漏 n. 漏洞,裂缝;泄漏,漏出量;(消息等的)走漏','[li:k]',1515),('lean','vi. 倾斜; 屈身;靠,依靠 vt. 使倾斜,使倚靠 adj. 瘦的,少脂肪的;贫瘠的,收益少的','[li:n]',1516),('leap','vi. 跳跃,跳动;急速行动,冲 vt. 跃过 n. 跳,跳跃;激增,骤变','[li:p]',1517),('learned','adj. 有学问的,博学的;学术的','[\'l4:nd, \'l4:nid]',1518),('learning','n. (U)知识,学问','[\'l4:ni6]',1519),('lease','n. 地契,租约 vt. 出租;租得,租有','[li:s]',1520),('leather','n. (U)皮革,皮革制品','[\'le04]',1521),('legal','adj. 法律(上)的;合法的,法定的','[\'li:g4l]',1522),('legislation','n. 法律,法规;立法,法律的制定(或通过)','[`led9is\'lei54n]',1523),('leisure','n. 空闲时间,闲暇;悠闲,安逸','[\'li:94]',1524),('lemon','n.①柠檬(树)②柠檬黄,淡黄色','[\'lem4n]',1525),('lemon','n.①柠檬(树)②柠檬黄，淡黄色','[\'lem4n]',1526),('lens','n. 透镜,镜头,镜片','[lenz]',1527),('lest','conj. 唯恐,免得','[lest]',1528),('liable','adj. 可能的,大概的;有法律责任的,有义务的;易于…的,有…倾向的,易患…病的','[\'l2i4b4l]',1529),('liberal','adj. 心胸宽大的;自由的;(指政治观点上的)自由主义的; 慷慨的,大方的','[\'lib4r4l]',1530),('liberate','vt. 解放,使获自由;释出,放出','[\'lib4reit]',1531),('liberty','n. 自由,自由权;许可,准许;(常pl. )过于随便,放肆','[\'lib4ti]',1532),('librarian','n. 图书馆馆长或馆员','[l2i\'bre4ri4n]',1533),('license','n. 许可证,执照;许可,特许 vt. 给…发许可证,准许','[\'l2is4ns]',1534),('lick','vt. 舔,舔吃;打败,克服;(波浪)轻拍,(火焰)吞卷 n. 舔;少量,少许','[lik]',1535),('lid','n.盖,盖子','[lid]',1536),('lid','n.盖，盖子','[lid]',1537),('lightning','n. (U)闪电','[\'l2itni6]',1538),('likely','adj. 可能的,有希望的;适合的 adv. 可能','[\'l2ikli]',1539),('likewise','adv. 同样地,照样地;也,又','[\'l2ikw2iz]',1540),('limb','n. 肢,臂,腿;树枝','[lim]',1541),('limitation','n. 限制,限度;(常pl.)局限','[`limi\'tei54n]',1542),('limited','adj. 有限的','[\'limitid]',1543),('link','n. 连接,联系n. 环节,联系,纽带','[li6k]',1544),('liquid','n. 液体adj. 液体的,液态的;清澈的,晶莹的;流畅的','[\'likwid]',1545),('liquor','n. 酒,烈性酒','[\'lik4]',1546),('liter','n. 升','[\'li:t4]',1547),('literary','adj. 文学(上)的;文人的,书卷气的','[\'lit4r4ri]',1548),('literature','n. 文学,文学作品;文献,图书资料','[\'lit4r4t54]',1549),('liver','n.肝','[\'liv4]',1550),('liver','n.肝','[\'liv4]',1551),('living-room  ','','n.起居室,客厅',1552),('living-room','n.起居室，客厅','[\'livi6rum]',1553),('loaf','n. 一个(面包) vi. 游荡,闲逛','[l4uf]',1554),('loan','n. 借,贷,贷款 vt. 借出,贷给','[l4un]',1555),('lobby','n. (旅馆、戏院等的)大厅,休息室;(议)院外活动集团 v. 向(议员等)进行游说','[\'l3bi]',1556),('local','adj. 地方性的,当地的,本地的;局部的,狭隘的 n. (常pl. )当地人,本地人','[\'l4uk4l]',1557),('locate','vt. 探明,找出;把…设置在,使坐落于','[l4u\'keit]',1558),('location','n. 位置,场所;(电影的)外景拍摄地','[l4u\'kei54n]',1559),('lodge','vi. 暂住,借宿 vt. 供…以临时住宿 n. 乡间小屋,旅舍','[l3d9]',1560),('log','n. 原木,木料;航海(或飞行)日志 vt. 正式记录','[l3g]',1561),('logic','n. 逻辑(学),逻辑性','[\'l3d9ik]',1562),('logical','adj. 逻辑(上)的,符合逻辑的;合乎学理的','[\'l3d9ik4l]',1563),('loop','n. 圈,环,环状物;回路,循环 v. (使)成环,(使)成圈','[lu:p]',1564),('loose','adj. 松的,宽松的;不精确的,不严密的;自由的,散漫的','[lu:s]',1565),('loosen','vt. 解开,放松;使…松弛','[\'lu:s4n]',1566),('lord','n.领主,君主,贵族,[the L-]上帝','[l3:d]',1567),('lorry','n.运货汽车,卡车','[\'l3ri]',1568),('lover','n. 爱好者;情人','[\'l8v4]',1569),('lower','adj. 较低的,低等的 vt. 放下,放低','[\'l4u4]',1570),('loyal','adj. 忠诚的,忠心的','[\'l3i4l]',1571),('loyalty','n. (U)忠诚,忠心','[\'l3i4lti]',1572),('lucky','adj. 幸运的,侥幸的,吉利的','[\'l8ki]',1573),('luggage','n.(U)行李','[\'l8gid9]',1574),('luggage','n.行李','[\'l8gid9]',1575),('lump','n. 块,小方块,肿块 vt. 把…归并在一起 vi. 结块','[l8mp]',1576),('lung','n.肺','[l86]',1577),('lung','n.肺','[l86]',1578),('luxury','n. 奢侈,华贵;奢侈品','[\'l8k54ri]',1579),('machinery','n. (U)[总称]机器,机械','[m4\'5i:n4ri]',1580),('magic','n. (U)魔法,魔术;魔力,魅力 adj. 有魔力的,(似)魔术的','[\'m1d9ik]',1581),('magnet','n. 磁铁,磁体;有吸引力的人(或事物)','[\'m1gnit]',1582),('magnetic','adj.①磁的,有磁性的②有吸引力的,有魅力的','[m1g\'netik]',1583),('magnificent','adj. 壮丽的,宏伟的;极好的','[m1g\'nifis4nt]',1584),('maid','n.女仆,侍女','[meid]',1585),('maid','n.女仆，侍女','[meid]',1586),('mainland','n.大陆','[\'meinl1nd, \'meinl4nd]',1587),('mainland','n.大陆','[\'meinl4nd]',1588),('maintain','vt. 维持,保持;维修,保养;坚持,主张;赡养,负担','[mein\'tein]',1589),('maintenance','n. 维修,保养;扶养费;维持,保持','[\'meintin4ns]',1590),('male','adj. 男(性)的,雄的n. 男子,雄性动物,雄性植物','[meil]',1591),('management','n. (U)管理,经营,处理;管理部门,管理人员','[\'m1nid9m4nt]',1592),('mankind','n.人类','[m1n\'kaind]',1593),('manner','n. 方式,方法;态度,举止;(pl. )风度,礼貌,规矩','[\'m1n4]',1594),('manual','adj. 用手的,手工做的 n. 手册,指南','[\'m1nju4l]',1595),('manufacture','vt. (大量)制造,加工 n. (大量)制造,制造业;(pl. )制造品,产品','[`m1nju\'f1kt54]',1596),('manufacturer','n. 制造商,制造厂','[`m1nju\'f1kt54r4]',1597),('margin','n. 页边空白;差数,差额;余地;边,边缘','[\'ma:d9in]',1598),('marine','adj. 海(洋)的,海生的,海产的;海军的;海事的,海运的 n. 海军陆战队士兵','[m4\'ri:n]',1599),('married','adj. 已婚的,婚姻的','[\'m1rid]',1600),('marvelous','adj. 奇迹般的,惊人的,了不起的','[\'ma:v4l4s]',1601),('Marxist','adj. 马克思主义的n. 马克思主义者','[\'ma:ksist]',1602),('mask','n. 面具,面罩;假面具,伪装 vt. 用面具遮住,遮盖;掩饰,掩盖','[ma:sk]',1603),('massive','adj. 大的,大而重的,大块的;大量的,大规模的','[\'m1siv]',1604),('mat','n.席子,垫子','[m1t]',1605),('mat','n.席子，垫子','[m1t]',1606),('match','n. 比赛;对手,敌手 ;匹配,相配的人 v. 与相配;相适合','[m1t5]',1607),('mate','n. 伙伴,同事;配偶,配对物;(商船上的)大副 v. (使)成为配偶,(使)交配','[meit]',1608),('mathematical','adj. 数学(上)的','[`m174\'m1tik4l]',1609),('mature','adj. 熟的,成熟的;成年人的;深思熟虑的,慎重的;(票据等)到期的,应支付的 v. (使)成熟,(使)成长','[m4\'tju4]',1610),('maximum','adj. 最高的,最大的,顶点的n. 最大限度,最大量,顶点','[\'m1ksim4m]',1611),('mayor','n. 市长','[\'me4, \'mei4r]',1612),('mean','v. 表示;打算;意味着 adj. 自私的;卑鄙的;中等的 n. 平均值','[mi:n]',1613),('means','n. 方法,手段,工具;金钱,财产','[mi:nz]',1614),('meantime','n. (U)其时,其间','[\'mi:nt2im]',1615),('measurement','n. (U)衡量,测量;[常pl.](量得的) 尺寸,大小','[\'me94m4nt]',1616),('mechanic','n. 技工,机修工;[-s](用做单数)力学,机 械学;[-s](用做pl.)过程,方法,技术性细节','[mi\'k1nik]',1617),('mechanism','n. 机械装置;机制,机理;办法,途径','[\'mek4niz4m]',1618),('medal','n. 奖牌,奖章,勋章','[\'medl]',1619),('media','n. [the～]新闻媒介,传播媒介','[\'mi:di4]',1620),('medium','adj. 中等的,适中的 n. 媒质,媒介物,传导 体;新闻媒介,传播媒介;手段,工具','[\'mi:di4m]',1621),('melt','v. (使)融化,(使)溶化;(使)消散,(使)逐渐消失','[melt]',1622),('membership','n. (U)会员身份(或资格、地位), 会籍;全体会员,会员数','[\'memb45ip]',1623),('memorial','adj. 纪念的,悼念的;','[mi\'m3:ri4l]',1624),('merchant','n. 商人','[\'m4:t54nt]',1625),('mercy','n. 慈悲,仁慈,宽容;恩惠,幸运','[\'m4:si]',1626),('mere','adj. 仅仅的,只不过的;纯粹的','[mi4]',1627),('merit','n. 长处,优点,价值;功绩,功劳,成绩 vt. 值得,应受','[\'merit]',1628),('merry','adj. 欢乐的,愉快的,快乐的','[\'meri]',1629),('mess','n. 凌乱状态,脏乱状态;混乱的局面,困境 vt. 弄糟,弄脏,搞乱','[mes]',1630),('metric','adj. 公制的,米制的','[\'metrik]',1631),('microphone','n. 扩音器,麦克风,话筒','[\'m2ikr4f4un]',1632),('microscope','n. 显微镜','[\'m2ikr4sk4up]',1633),('mild','adj. 温和的,温柔的,和善的;温暖的,暖和的;轻微的,不严重的','[m2ild]',1634),('military','adj. 军事的,军用的n. [the～]军队,武装力量','[\'milit4ri]',1635),('mill','n. 磨坊,碾磨机;制造厂,工厂 vt. 磨,碾','[mil]',1636),('millimeter','n. 毫米(mm)','[\'mili`mi:t4]',1637),('minimum','adj. 最低的,最小的 n. 最低限度,最少量','[\'minim4m]',1638),('ministry','n. (政府的)部','[\'ministri]',1639),('minor','adj. 较小的,较少的;次要的 n. 未成年人;副修科 目 vi. (in)(大学中)副修','[\'m2in4]',1640),('minority','n. 少数，少数派;少数民族','[mi\'n3riti, mai\'n3riti]',1641),('minus','prep.减(去) n. 负数;减号adj. 负的,减去的','[\'m2in4s]',1642),('minute','adj. 微小的,细小的,极少的 n. 分钟;一会儿;(pl.)会议纪录','[\'minit, m2i\'nju:t]',1643),('miracle','n. 奇迹,令人惊奇的人(或事)','[\'mir4kl]',1644),('mirror','n.镜；vt.反映，反射映照','[\'mir4]',1645),('miserable','adj. 痛苦的,悲惨的,可怜的;令人难受(或痛苦)的','[\'miz4r4b4l]',1646),('mislead','vt. 给…错误印象,使误解;把…带错路; 把…带坏,使误入歧途','[mis\'li:d]',1647),('missile','n. 导弹,飞弹;发射物','[\'mis2il]',1648),('missing','adj. 缺掉的,失踪的','[\'misi6]',1649),('mission','n. 使命,任务,天职;代表团,使团','[\'mi54n]',1650),('mist','n. 薄雾 v. (使)蒙上薄雾,(使)模糊','[mist]',1651),('mister','n.先生','[\'mist4]',1652),('misunderstand','vt. 误解,误会','[`mis8nd4\'st1nd]',1653),('mixture','n. 混合;混合物','[\'mikst54]',1654),('mobile','n. 移动电话adj. 运动的,活动的;流动的,机动的;易变的','[\'m4ub2il]',1655),('mode','n. 方式,样式,风格','[m4ud]',1656),('moderate','adj.中等的,一般的;温和的,稳健的;有节制的, 适度的 v. (使)和缓,减轻,节制 n. 持温和观点者','[\'m3d4rit]',1657),('modest','adj. 谦虚的,谦逊的;适中的,适度的,不太多的;羞怯的','[\'m3dist]',1658),('modify','vt. 修改,更改;(语法上)修饰','[\'m3dif2i]',1659),('moist','adj. 潮湿的,湿润的','[m3ist]',1660),('moisture','n. (U)潮湿,湿气','[\'m3ist54]',1661),('mold','n. 霉,霉菌;模子,模型,铸模;(人的)性格,气质,类型 vt. 用模子制作,浇铸,塑造;使形成,影响…的形成,把…塑造成','[m4uld]',1662),('molecule','n. 分子','[\'m3likju:l]',1663),('monitor','v. 监听,监视;监测 n. 监听器,监视器,检测器;显示器;班长','[\'m3nit4]',1664),('monthly','adj. 每月的,每月一次的n. 月刊','[\'m8n7li]',1665),('monument','n. 纪念碑,纪念馆;历史遗迹','[\'m3njum4nt]',1666),('mood','n. 心情,情绪;(动词的)语气','[mu:d]',1667),('moral','adj. 道德(上)的,有道德的 n. (pl. )道德,品行,道德规范;寓意','[\'m3r4l]',1668),('moreover','adv. 而且,再者,此外','[m3:\'r4uv4]',1669),('mosquito','n. 蚊子','[m4s\'ki:t4u]',1670),('mostly','adv. 几乎全部地,主要地','[\'m4ustli]',1671),('motion','n. (物体的)运动;手势,眼色,动作;提议,动议 v. (向…)打手势,示意','[\'m4u54n]',1672),('motivate','vt. 作为…的动机,激发;激励','[\'m4utiveit]',1673),('motive','n. 动机,动因,目的','[\'m4utiv]',1674),('mount','vt. 登上;发起,组织;安放,安装 vi. 增长,加剧 n. [M-](用于山名前) 山,峰','[m2unt]',1675),('movie','n. 电影,影片;(the pl.)电影院,电影业','[\'mu:vi]',1676),('mud','n. (U)泥,泥浆','[m8d]',1677),('mug','n. (有柄)大杯 vt. 对…行凶枪劫','[m8g]',1678),('multiple','adj. 复合的,多种的,多种多样的 n. 倍数','[\'m8ltipl]',1679),('multiply','v. (使)增加,(使)繁殖;乘,(使)相乘','[\'m8ltipl2i]',1680),('muscle','n. 肌肉,体力;力量,实力','[\'m8s4l]',1681),('museum','n. 博物馆','[mju:\'zi4m]',1682),('mushroom','n. 蘑菇 vi. 迅速成长(或发展)','[\'m85ru:m]',1683),('musician','n. 音乐家,乐师','[mju:\'zi54n]',1684),('mutual','adj. 相互的,彼此的;共同的,共有的','[\'mju:t5u4l]',1685),('mysterious','adj. 神秘的，难以理解的;诡秘的','[mi\'sti4ri4s]',1686),('mystery','n. 神秘(性),神秘的人(或事物)','[\'mist4ri]',1687),('myth','n. 杜撰出来的人(或事物);神话','[mi7]',1688),('naked','adj.①赤身的,裸露的②赤裸裸的,无遮蔽的','[\'neikid]',1689),('namely','adv. 即,也就是','[\'neimli]',1690),('nationality','n. 国籍,民族','[`n154\'n1liti]',1691),('naturally','adv. 当然,自然;天然地,天生地','[\'n1t54r4li]',1692),('naval','adj. 海军的','[\'neiv4l]',1693),('navigation','n. 航海(术),航行(学),航空;导航,领航','[`n1vi\'gei54n]',1694),('navy','n. 海军','[\'neivi]',1695),('nearby','adj. 附近的adv. 在附近','[\'ni4b2i]',1696),('necessarily','adv. 必要地,必需地;必定地,必然地','[\'nesis4rili]',1697),('necessity','n. 必需品;(U)必要(性),(迫切)需要','[ni\'sesiti]',1698),('negative','adj. 否定的;反面的,消极的;负的,阴性的 n. (照相的)底片;负数','[\'neg4tiv]',1699),('neglect','vt. 忽视,忽略;疏忽,玩忽 n. (U)疏忽,玩忽','[ni\'glekt]',1700),('negotiate','vt. 洽谈,协商;顺利通过,成功越过 vi. 协商,谈判','[ni\'g4u5ieit]',1701),('Negro','n. 黑人','[\'ni:gr4u]',1702),('neighbourhood','n.①四邻,街坊②邻近地区,附近','[\'neib4hud]',1703),('nephew','n.侄子，外甥','[\'nefju:,\'nevju:]',1704),('nephew','n.侄子,外甥','[\'nevju:, \'nAfju]',1705),('nerve','n. (pl. )神经;勇气,胆量','[n4:v]',1706),('nest','n. 巢,窝 vi. 筑巢','[nest]',1707),('network','n. [广义]网状物;广播网,电视网;网络,网状系统','[\'netw4:k]',1708),('neutral','adj. 中立的,不偏不倚的;中性的','[\'nju:tr4l]',1709),('never','adv. 从不,永不,决不,千万不','[\'nev4]',1710),('nevertheless','adv. 仍然,然而,不过','[`nev404\'les]',1711),('newly','adv. 最近,新近,重新','[\'nju:li]',1712),('nice','adj. 好的,可爱的;友好的,好心的;细致的,精细的','[\'n2is]',1713),('niece','n.侄女，外甥女','[ni:s]',1714),('night','n. 夜,夜间','[n2it]',1715),('nightmare','n. 恶梦;可怕的事物,无法摆脱的恐惧','[\'n2itme4]',1716),('nineteen','num.十九，十九个','[`nai\'ti:n]',1717),('nitrogen','n. (U)氮','[\'n2itr4d94n]',1718),('noble','adj. 高尚的,宏伟的;贵族的,高贵的 n. 贵族','[\'n4ub4l]',1719),('nobody','pron. 没有人 n. 无足轻重的人','[\'n4ub4di]',1720),('nod','v./n. 点(头),点头表示 vi. 点头同意(示意);瞌睡,打盹','[n3d]',1721),('noise','n. 声音,响声;噪声,喧哗声','[n3iz]',1722),('noisy','adj. 吵杂的,喧闹的','[\'n3izi]',1723),('nonsense','n. 胡说,废话;冒失(或轻浮的)的行动','[\'n3ns4ns]',1724),('noodle','n. (常pl.)面条','[\'nu:dl]',1725),('nor','conj./adv. 也不,也没有','[n3:]',1726),('normal','adj. 正常的,平常的;正规的,规范的','[\'n3:m4l]',1727),('normally','adv. 通常,正常地','[\'n3:m4li]',1728),('north','n.北(方)，北部；adj.北方的，北部的，来自北方的；adv.向北方','[n3:7]',1729),('northeast','n. 东北(方),东北部 adj. 东北(部)的,来自东北的 adv. 向东北','[`n3:7\'i:st]',1730),('northern','adj. 北方的,北部的','[\'n3:04n]',1731),('northwest','n. 西北,西北部 adj. 西北的,来自西北的 adv. 向西北','[`n3:7\'west]',1732),('notebook','n. 笔记簿','[\'n4utbuk]',1733),('notice','v. 注意到,察觉到 n. 注意,察觉;通知,布告','[\'n4utis]',1734),('noticeable','adj. 显而易见的','[\'n4utis4b4l]',1735),('notify','vt. 通知,报告,告知','[\'n4utif2i]',1736),('notion','n. 概念,观念;意图,想法,(怪)念头','[\'n4u54n]',1737),('noun','n.名词','[naun]',1738),('novel','adj. 新颖的,新奇的 n. (长篇)小说','[\'n3v4l]',1739),('nowadays','adv. 现今,现在','[\'n2u4deiz]',1740),('nowhere','adv. 任何地方都不','[\'n4uwe4]',1741),('nuclear','adj. 核子的,核能的,核武器的;核心的,中心的','[\'nju:kli4]',1742),('nucleus','n. (原子)核;核心','[\'nju:kli4s]',1743),('nuisance','n. 令人讨厌的东西(或状况,行为),讨厌的人','[\'nju:s4ns]',1744),('numerous','adj. 众多的,许多的','[\'nju:m4r4s]',1745),('nursery','n. 托儿所,保育室;苗圃','[\'n4:s4ri]',1746),('nut','n. 干果,果仁,坚果;螺母,螺帽','[n8t]',1747),('nylon','n. (U)尼龙','[\'n2il3n]',1748),('object','n. 物体,实物;对象,客体;目的,目标;宾语 vi. 反对,不赞成','[\'3bd9ikt` 4b\'d9ekt]',1749),('objection','n. 反对,异议;反对的理由','[4b\'d9ek54n]',1750),('objective','n. 目标,目的 adj. 客观的,不带偏见的','[3b\'d9ektiv]',1751),('obligation','n. 义务,责任','[`3bli\'gei54n]',1752),('oblige','vt. 迫使;施恩于,帮…的忙;使感激','[4\'bl2id9]',1753),('observation','n. (U)注意,观察;言论,评论;(常pl.)观察资料,观察数据;(U)观察力','[`3bz4\'vei54n]',1754),('observe','vt. 注意到,察觉到;观察;评说,评论;遵守,奉行','[4b\'z4:v]',1755),('observer','n. 观察员,观察者','[4b\'z4:v4,3b\'z4:v4]',1756),('obstacle','n. 障碍(物),妨碍','[\'3bst4kl]',1757),('obtain','vt. 获得,得到 vi. 通用,流行,存在','[4b\'tein]',1758),('obvious','adj. 显然的,明显的','[\'3bvi4s]',1759),('occasion','n. 时刻,时候,场合;重大(或特殊)活动, 盛会;时机,机会;起因,理由 vt. 引起,惹起','[4\'kei94n]',1760),('occasional','adj. 偶然的,间或发生的','[4\'kei94n4l]',1761),('occupation','n. 职业,工作;(人)从事的活动,消遣;占领,占据','[`3kju\'pei54n]',1762),('occupy','vt. 占,占用,占领;使忙碌,使从事','[\'3kjup2i]',1763),('occur','vi. 发生,出现,存在;(to) 被想起,被想到','[4\'k4:]',1764),('occurrence','n. 发生的事情,事件;发生,出现','[4\'k8r4ns]',1765),('odd','adj. 奇怪的,古怪的;临时的,不固定的;单只的,不成对的; 奇数的,单数的;剩余的 n. (pl.)可能性,机会','[3d]',1766),('offend','vt. 冒犯,得罪,伤害…的感情;使厌恶,使不舒服; 违犯,违反','[4\'fend]',1767),('offense','n. 犯规,违法行为;冒犯,得罪','[4\'fens]',1768),('offensive','adj. 冒犯的,无礼的,使人不快的;进攻的,攻击性的 n. 进攻,攻势','[4\'fensiv]',1769),('omit','vt. 省略,删节;遗漏,疏忽','[4u\'mit]',1770),('onion','n. 洋葱,洋葱类植物','[\'8nj4n]',1771),('opening','n. 口子,洞,孔;(正式的)开始,开端;(职位 的)空缺 adj. 开的,开始的','[\'4up4ni6]',1772),('opera','n. 歌剧','[\'3p4r4]',1773),('operate','v. 运转,活动;动手术;起作用;操作,操纵,控制;经营,管理','[\'3p4reit]',1774),('operation','n. 操作,经营,运转;手术;(pl.)(军事)行动,活动;运算','[`3p4\'rei54n]',1775),('operational','adj. 运转的,即可使用的;操作上的','[`3p4\'rei54nl]',1776),('operator','n. 话务员,报务员;操作员','[\'3p4reit4]',1777),('opinion','n. 意见,看法,主张','[4\'pinj4n]',1778),('opponent','n. 敌手,对手;反对者','[4\'p4un4nt]',1779),('opportunity','n. 机会,时机','[`3p4\'tju:niti]',1780),('oppose','vt. 反对,反抗','[4\'p4uz]',1781),('opposite','adj. 对面的,对立的,相对的 n. 对立物(面);prep. 在…对面','[\'3p4zit]',1782),('optical','adj. 光(学)的;眼的,视力的;视觉的','[\'3ptik4l]',1783),('optimistic','adj. 乐观(主义)的','[`3pti\'mistik]',1784),('option','n. 选择;选择权,选择自由;(供)选择的事物(或人),选课','[\'3p54n]',1785),('optional','adj. 可以任选的,非强制的','[\'3p54n4l]',1786),('oral','adj. 口头的,口的','[\'3:r4l]',1787),('orbit','n. 轨道 v. 绕…作轨道运行','[\'3:bit]',1788),('orchestra','n. 管弦乐队','[\'3:kistr4]',1789),('orderly','adj. 整齐的,有秩序的','[\'3:d4li]',1790),('ore','n. 矿,矿石','[3:]',1791),('organ','n. 器官;风琴;机构;新闻媒介,宣传工具','[\'3:g4n]',1792),('organic','adj. 有机(体)的,有机物的','[3:\'g1nik]',1793),('organism','n. 生物,有机体;机体,有机组织','[\'3:g4niz4m]',1794),('organization','n. 团体,机构;(U)组织','[`3:g4nai\'zei54n]',1795),('organize','组织,把…编组; 使…有条理','[`3:g4n2iz]',1796),('origin','n. 起源,来源,起因;(常pl. )出身,血统','[\'3rid9in]',1797),('original','adj.起初的,原来的;独创的,新颖的;原版的,原件的 n. 原件,原作','[4\'rid9in4l]',1798),('otherwise','conj.否则,不然 adv. 否则,不然;除此以外;别样,以另外方式','[\'804w2iz]',1799),('ought to','aux. v. 应该,应当','[3:t t4]',1800),('ounce','n. 盎司','[2uns]',1801),('outcome','n. 结果','[\'2utk8m]',1802),('outdoors','adj. 户外的,野外的 adv. 在户外,在野外 n. 户外,野外','[`2ut\'d3:z]',1803),('outer','adj. 外面的,外表的;远离中心的,外层的','[\'2ut4]',1804),('outlet','n. 出口,出路;(感情、精力等)发泄途径(或方法)','[\'2utlet]',1805),('outline','n. 提纲,要点,概要;外形,轮廓,略图 vt. 概述,概括;描…外形,描…轮廊','[\'2utl2in]',1806),('outlook','n. 观点,见解;展望,前景','[\'2utluk]',1807),('output','n. 产量;输出,输出功率 vt. 输出(信息,数据等)','[\'2utput]',1808),('outset','n. 开始,开端','[\'2utset]',1809),('outstanding','adj. 突出的,杰出的,显著的;未解决的,未偿付的','[2ut\'st1ndi6]',1810),('outward','adj. 外表的,向外的,外面的adv. [-(s)]向外','[\'2utw4d]',1811),('oval','adj. 椭圆形的 n. 椭圆形','[\'4uv4l]',1812),('oven','n. 炉,烘箱','[\'8vn]',1813),('overall','adj. 总体的,综合的;全部的adv. 总的来说 n. (pl.)工装裤,工作服','[\'4uv4r3:l]',1814),('overcoat','n. 大衣,外套','[\'4uv4k4ut]',1815),('overcome','vt. 战胜,克服;(感情等)压倒,使受不了','[`4uv4\'k8m]',1816),('overhead','adv. 在头顶上adj. 在头顶上的,上面的,架空的 n. (常pl.)经营费用,管理费用','[\'4uv4`hed]',1817),('overlook','vt. 忽视,忽略,未注意到;宽恕,宽容;俯瞰','[`4uv4\'luk]',1818),('overnight','adv. 在整个夜里;在短时间内,突然 adj. 一整夜的;似乎在一夜之间出现的,突然的','[`4uv4\'n2it]',1819),('overseas','adv. 在(向)国外 adj. (在)海外的,(在)国外的,(向或来自)外国的','[`4uv4\'si:z]',1820),('overtake','vt. 追上,赶上,超过;突然降临于,意外地碰上','[`4uv4\'teik]',1821),('owe','vt. 欠;(to)应该把…归功于;感谢,感恩','[4u]',1822),('owing','adj. 应付的,未付的','[\'4ui6]',1823),('owner','n. 所有人,物主','[\'4un4]',1824),('ownership','n. 所有(权),所有制','[\'4un45ip]',1825),('ox','n. 牛','[3ks]',1826),('oxygen','n. 氧,氧气','[\'3ksid94n]',1827),('pace','n. (一)步;步速,速度,节奏 vi. 踱步','[peis]',1828),('Pacific','n. 太平洋','[p4\'sifik]',1829),('pack','v. 捆扎,(把…)打包;(使)挤在一起,塞满 n. 包,小盒,包裹','[p1k]',1830),('package','n. 包装,包裹;一缆子交易(或计划,建议等) vt. 把…打包,把…装箱;包装,把…装袋(或盒等)','[\'p1kid9]',1831),('packet','n. 小包,小盒','[\'p1kit]',1832),('pad','n. 垫,衬垫;拍纸簿,便笺本;(火箭)发射台,直升机起落台 vt. 填塞 vi. (放轻脚走)走','[p1d]',1833),('page','vt. (通过扩音器,传呼机等)呼叫 n. 页,张','[peid9]',1834),('pain','n. 痛,疼痛;(U)痛苦,悲痛;(pl.)辛苦,苦心 vt. 使痛苦','[pein]',1835),('painful','adj. 疼痛的,引起疼痛的;困难的,令人不快的','[\'peinful]',1836),('painter','n. 画家;油漆匠','[\'peint4]',1837),('painting','n. 画;绘画,绘画艺术;(上)油漆,油漆业','[\'peinti6]',1838),('palace','n. 宫,宫殿;豪华住宅,大厦','[\'p1lis]',1839),('pale','adj. 苍白的;浅色的,淡的 vi. 变得苍白,失色,变得暗淡','[peil]',1840),('palm','n. 手掌,掌状物;棕榈树 vt. 把…藏于手(掌中)','[pa:m]',1841),('pan','n. 平底锅,盘子','[p1n]',1842),('panda','n. 熊猫','[\'p1nd4]',1843),('panel','n. 面,板;专门小组,评判小组;控制板,仪表盘','[\'p1nl]',1844),('panic','n. 恐慌,惊慌 v. (使)恐慌,(使)惊慌失措','[\'p1nik]',1845),('parade','n. 旅行,检阅 v. (使)列队行进,(使)游行','[p4\'reid]',1846),('paragraph','n. 段落','[\'p1r4gra:f]',1847),('parallel','n. 相似处;平行线;adj. 平行的;类似的,相对应的;并列的;vt. 与…相似,比得上','[\'p1r4lel]',1848),('parcel','n. 小包,包裹 vt. (out)分,分配','[\'pa:sl]',1849),('pardon','int.请再说一遍 vt. 原谅,饶恕 n. 饶恕,原谅;赦免,赦免状','[\'pa:d4n]',1850),('parliament','n. 议会,国会','[\'pa:l4m4nt]',1851),('partial','adj. 部分的,不完全的;偏爱的,癖好的;偏向一方的,偏心的','[\'pa:54l]',1852),('participate','vi. 参加,参与','[pa:\'tisipeit]',1853),('particle','n. 粒子,微粒,颗粒;小品词,语助词','[\'pa:tikl]',1854),('particular','adj. 特有的;挑剔的;详细的,详尽的 n. 详情,细目','[p4\'tikjul4]',1855),('particularly','adv. 特别,尤其','[p4\'tikjul4li]',1856),('partner','n. 配偶,搭挡;伙伴,合伙人 vt. 做…的搭档','[\'pa:tn4]',1857),('passenger','n. 乘客,旅客','[\'p1sind94]',1858),('passion','n. 激情,热情;酷爱','[\'p154n]',1859),('passive','adj. 被动的,消极的','[\'p1siv]',1860),('passport','n. 护照','[\'pa:sp3:t]',1861),('paste','n. 糊,浆糊 vt. 粘,贴','[peist]',1862),('pat','n. /v. 轻拍,轻打;adj. 非常恰当的,切合的,适时的','[p1t]',1863),('patch','n. 补片,补丁;斑,与周围不同的部分;一小块地 vt. 补,修补','[p1t5]',1864),('patience','n. 耐心,忍耐','[\'pei54ns]',1865),('patient','adj. 有耐心的,忍耐的 n. 病人','[\'pei54nt]',1866),('pattern','n. 型,模式,样式;花样,图案 vt. 仿制,使照…的样子','[\'p1tn]',1867),('paw','n. 爪,爪子 v. 用爪子抓,用蹄扒','[p3:]',1868),('payment','n. 支付的款项;(U)支付,付款','[\'peim4nt]',1869),('pea','n.碗豆','[pi:]',1870),('peace','n. 和平,和睦;平静,安宁,安静','[pi:s]',1871),('peaceful','adj. 平静的,安宁的,宁静的;和平的','[\'pi:sf4l]',1872),('peach','n.桃(树)','[pi:t5]',1873),('peak','n. 山峰,顶点,顶峰 vi. 达到高峰,达到最大值adj. 最大值的,高峰的','[pi:k]',1874),('pear','n. 梨(树)','[pe4]',1875),('peasant','n. 农民,小农','[\'pez4nt]',1876),('peculiar','adj. 奇怪的,古怪的;特有的,独具的,独特的','[pi\'kju:li4]',1877),('peer','n. 同龄人,同等地位的人;贵族 vi. 仔细看,费力地看','[pi4]',1878),('penalty','n. 处罚,惩罚,罚金','[\'penlti]',1879),('penetrate','v. 透入,渗入,进入;刺入,刺穿;洞察,了解','[\'penitreit]',1880),('penny','n. 便士,分','[\'peni]',1881),('pension','n. 抚恤金,养老金 vt. 发给…养老金(或退职金,抚恤金等)','[\'pen54n]',1882),('pepper','n. 胡椒粉,胡椒 vt. 在…上撒(胡椒粉等),使布满','[\'pep4]',1883),('per','prep.每，每一','[p4:,p4]',1884),('perceive','vt. 察觉,感知,感觉;认识到,意识到,理解','[p4\'si:v]',1885),('percentage','n. 百分比,百分率','[p4\'sentid9]',1886),('perception','n. 感知(能力),觉察(力);认识,观念,看法','[p4\'sep54n]',1887),('perform','v. 做,履行,完成;表演,演出','[p4\'f3:m]',1888),('performance','n. 演出,表演;履行,执行;工作情况,表现(机器等)工作性能','[p4\'f3:m4ns]',1889),('permanent','adj. 永久(性)的,固定的','[\'p4:m4n4nt]',1890),('permission','n. 许可,允许,准许','[p4\'mi54n]',1891),('permit','v. 允许,许可,准许;(使)有可能 n. 许可证,执照','[\'p4:mit, p4\'mit]',1892),('persist','vi. 坚持不懈,执意;持续,继续存在','[p4\'sist]',1893),('personal','adj. 个人的;亲自的;针对个人的,有关私人的,涉及隐私的','[\'p4:s4n4l]',1894),('personality','n. 人格,个性;人物,名人','[`p4:s4\'n1liti]',1895),('personnel','n. (pl.)[总称]人员,员工;人事部门','[`p4:s4\'nel]',1896),('perspective','n. 观点,想法;远景,景观;透视法,透视图','[p4\'spektiv]',1897),('persuade','vt. 劝服,说服;使相信','[p4\'sweid]',1898),('pessimistic','adj. 悲观(主义)的','[`pesi\'mistik]',1899),('petrol','n. (U)汽油','[\'petr4l]',1900),('petroleum','n. 石油','[pi\'tr4uli4m]',1901),('phase','n. 阶段,时期;面,方面;(月)相,相位 vt. 分阶段实行(或计划)','[feiz]',1902),('phenomenon','n. 现象,迹象;非凡的人,特殊的事物','[fi\'n3min4n]',1903),('philosopher','n. 哲学家,哲人','[fi\'l3s4f4]',1904),('philosophy','n. (U)哲学;哲理,人生哲学,见解','[fi\'l3s4fi]',1905),('phone','n. 电话,电话机;听筒,耳机 v. 打电话(给)','[f4un]',1906),('photograph','n. 照片,相片 v. 拍照','[\'f4ut4gra:f]',1907),('phrase','n. 短语,词组,用语 vt. 用语言表达,叙述','[freiz]',1908),('physical','adj. 身体的,肉体的;物理的,物理学的;物质的,有形的 n. 体检','[\'fizik4l]',1909),('physician','n. 内科医生','[fi\'zi54n]',1910),('physicist','n. 物理学家','[\'fizisist]',1911),('picnic','n. 野餐 vi. 去野餐','[\'piknik]',1912),('pierce','v. 刺穿,刺破,穿透;穿孔(于),打眼(于)','[pi4s]',1913),('pigeon','n.鸽子','[pid9in]',1914),('pile','n. 一堆,一叠 v. (up)堆积','[p2il]',1915),('pill','n. 药丸','[pil]',1916),('pillar','n. 柱,支柱;台柱,栋梁','[\'pil4]',1917),('pillow','n. 枕头','[\'pil4u]',1918),('pilot','n. 飞行员;引航员 vt. 驾驶(飞机等);引航;试用 adj. 试验性的','[\'p2il4t]',1919),('pin','n. 大头针,别针;针饰,像章;钉子,闩 v. 钉住,固定住','[pin]',1920),('pinch','v. 捏,掐;夹痛,轧痛 n. 捏,掐;(一)撮,微量','[pint5]',1921),('pine','n. 松(树) vi. (因悲哀等)消瘦,衰弱,憔悴;渴望,思念','[p2in]',1922),('pink','adj. 粉红色的,桃红色的 n. 粉红色,桃红色','[pi6k]',1923),('pint','n.品脱','[paint]',1924),('pioneer','n. 先驱者,创始人;开拓者,开发者 vt. 开拓,开创','[`p2i4\'ni4]',1925),('pipe','n. 管子,导管;烟斗;(pl.)管乐器 vt. 用管道输送','[p2ip]',1926),('pit','n. 地洞,坑;煤矿,矿井 vt. 使有坑,使有凹陷','[pit]',1927),('pitch','n./v. 投掷,扔;定调 n. 程度,强度;(音符的)高度,音高;沥青;(足球等的)球场','[pit5]',1928),('planet','n. 行星','[\'pl1nit]',1929),('planet','n.卫星','[\'pl1nit]',1930),('plantation','n.种植园，人工林','[pl1n\'tei54n]',1931),('plastic','n. (常pl.)塑料,塑料制品;信用卡 adj. 塑料(制)的,可塑的','[\'pl1stik]',1932),('plate','n. 盆子,盘子;金属牌;平板,薄板,薄片 vt. 镀','[pleit]',1933),('platform','n. 台,平台,讲台;站台,月台','[\'pl1tf3:m]',1934),('pleasant','adj. 令人愉快的,舒适的,讨人喜欢的','[\'plez4nt]',1935),('pleasure','n. 高兴,愉快,满足;令人高兴的事物,乐事,乐趣','[\'ple94]',1936),('pledge','n. 保证,誓言 vt. 保证,许诺','[pled9]',1937),('plentiful','adj. 丰富的,充足的,大量的','[\'plentif4l]',1938),('plot','n. 故事情节;(秘密)计划,密谋;小块地皮,小块土地 v. 密谋,计划;绘制…的平面图,在图上标绘…的位置','[pl3t]',1939),('plow','n. 犁 v. 犁,耕','[pl2u]',1940),('plug','n. 插头,插座;塞子,拴 vt. 把…塞住,用…塞住','[pl8g]',1941),('plunge','vi. 纵身投入,一头进入;猛冲;猛跌 vt. (猛力)把…投入(或刺进);使突然陷入,遭受 n. 投身入水;猛跌,聚降','[pl8nd9]',1942),('plural','adj. 复数的n. 复数','[\'plu4r4l]',1943),('plus','prep. 加,加上 n. 加号,正号;有利因素;adj. 表示加的,正的','[pl8s]',1944),('poetry','n. (U)[总称]诗篇,诗歌,诗集','[\'p4uitri]',1945),('poison','n. 毒物,毒药 v. 使中毒,放毒于,毒害','[\'p3iz4n]',1946),('poisonous','adj. 有毒的;恶毒的，刻毒的','[\'p3iz4n4s]',1947),('policy','n. 政策,方针;保险单','[\'p3lisi]',1948),('polish','vt. 磨光,擦亮;修改,使优美,润色 n. 上光剂','[\'p3li5]',1949),('political','adj. 政治的,政治上的;政党的,党派的','[p4\'litik4l]',1950),('politician','n. 政治家, 政客','[`p3li\'ti54n]',1951),('politics','n. (用做sing.)政治,政治学;(用做pl.)政纲,政见','[\'p3litiks]',1952),('poll','n. 民意测验;(常pl. )政治选举,大选 vt. 对…进行民意测验;获得(…张选票)','[p4ul]',1953),('pollute','vt. 污染,弄脏;腐蚀','[p4\'lu:t]',1954),('pollution','n. (U)污染,污染物','[p4\'lu:54n]',1955),('pond','n.池塘','[p3nd]',1956),('pool','n. 水池;一滩,一片;共用物,共用人员 vt. 集中在一起,共用','[pu:l]',1957),('pop','vi. 突然出现,发生;发出砰的响声 n. 流行音乐;(发出)砰的一声','[p3p]',1958),('pork','n. (U)猪肉','[p3:k]',1959),('port','n. 港口,口岸','[p3:t]',1960),('portable','adj. 便于携带的,手提式的,轻便的','[\'p3:t4b4l]',1961),('porter','n. 搬运工人;看门人,大楼管理员','[\'p3:t4]',1962),('portion','n. 一部分,一份 vt. 分配,把…分给','[\'p3:54n]',1963),('portrait','n. 肖像,画像','[\'p3:trit]',1964),('pose','vt. 造成,引起(困难等);提出(问题);陈述(论点等) vi. 摆姿势;造作,装腔作势 n. 样子,姿势','[p4uz]',1965),('positive','adj. 确实的,明确的;积极的,肯定的;正的,阳性的','[\'p3z4tiv]',1966),('possess','vt. 占有,拥有','[p4\'zes]',1967),('possession','n. (U)所有,占有;(pl.) 所有物','[p4\'ze54n]',1968),('possibility','n. 可能性;可能的事','[`p3s4\'biliti]',1969),('post','n. 邮政,邮件;柱,标杆;岗位 vt. 邮寄;贴出;公告,宣布','[p4ust]',1970),('postage','n. (U)邮费,邮资','[\'p4ustid9]',1971),('poster','n. 招贴(画),海报,广告','[\'p4ust4]',1972),('postman','n. 邮递员','[\'p4ustm4n]',1973),('postpone','vt. 推迟,延期','[p4ust\'p4un]',1974),('potential','adj. 潜在的,可能的 n. 潜力,潜能','[p4\'ten54l]',1975),('pour','vt. 灌,倒,注 vi. 倾泻,流出','[p3:r]',1976),('poverty','n. 贫穷,贫困','[\'p3v4ti]',1977),('powder','n. 粉,粉末','[\'p2ud4]',1978),('powerful','adj. 强大的,有力的,有权的;强壮的,强健的','[\'p2u4f4l]',1979),('practical','adj. 实际的,实用的;切合实际的,有实用价值的','[\'pr1ktik4l]',1980),('practically','ad./v. 几乎,简直;实际上','[\'pr1ktik4li]',1981),('practice','n. 练习,实习;实践,实际;业务','[\'pr1ktis]',1982),('practise','v. 实践,实行;练习, 实习;开业,从事','[\'pr1ktis]',1983),('praise','vt. 赞扬,表扬,赞美 n. 称赞,表扬,赞美;(pl.)赞美的话','[preiz]',1984),('pray','v. 祈祷,祈求;请求,恳求','[prei]',1985),('prayer','n. 祈祷,祈告;祷文,祷辞;祈求,祈望','[\'pre4]',1986),('precaution','n. 预防,防备,警惕','[pri\'k3:54n]',1987),('preceding','adj. 在先的,在前的,前面的','[pri(:)\'si:di6]',1988),('precious','adj. 珍贵的,贵重的','[\'pre54s]',1989),('precise','adj. 精确的,准确的;严谨的','[pri\'s2is]',1990),('precision','n. (U)精确(性),精密(度)','[pri\'si94n]',1991),('predict','vt. 预言,预测,预告','[pri\'dikt]',1992),('preface','n. 序言,引言,前言','[\'prefis]',1993),('prefer','vt. 更喜欢,宁愿','[pri\'f4:]',1994),('preferable','adj. 更可取的,更好的,更合意的','[\'pref4r4bl]',1995),('preference','n. 喜爱,偏爱,优先(权);偏爱的事物(或人)','[\'pref4r4ns]',1996),('pregnant','adj. 怀孕的,妊娠的','[\'pregn4nt]',1997),('prejudice','n.偏见,成见；vt.①使有偏见②对...不利,损害','[\'pred9udis]',1998),('preliminary','adj. 预备的,初步的 n. (常pl. )初步做法,起始行为','[pri\'limin4ri]',1999),('preparation','n. 准备(工作),预备;制剂','[`prep4\'rei54n]',2000),('prepare','v. 准备,预备','[pri\'pe4]',2001),('preposition','n. 介词','[`prep4\'zi54n]',2002),('prescribe','v. (医生)开(药),嘱咐(疗法);规定,指定','[pri\'skr2ib]',2003),('presence','n. 出席,到场,存在;仪表,仪态','[\'prez4ns]',2004),('presentation','n. 提供,显示;外观,(显示的)图 像;授予,赠送(仪式);报告,介绍;表演','[`prez4n\'tei54n]',2005),('presently','adv. 不久,一会儿;现在,目前','[\'prez4ntli]',2006),('preserve','vt. 保护,维持;保存,保藏;腌制','[pri\'z4:v]',2007),('president','n. 总统,主席;(大学)校长,会长,董事长','[\'prezid4nt]',2008),('press','n. 报刊,新闻界;出版社,通讯社;印刷机 v. 压;压榨;逼迫','[pres]',2009),('pressure','n. 压(力),压强;强制,压迫 vt. 对…施加压力(或影响),迫使,说服','[\'pre54]',2010),('presumably','adv. 大概,可能,据推测','[pri\'zju:m4bli]',2011),('pretend','v. 假装,装作','[pri\'tend]',2012),('pretty','adv. 相当,很 adj. 漂亮的,俊俏的','[\'priti]',2013),('prevail','vi. 流行,盛行;获胜,占优势;说服,劝说,诱使','[pri\'veil]',2014),('prevent','v. 预防,防止','[pri\'vent]',2015),('previous','adj. 先,前,以前的;在…之前','[\'pri:vi4s]',2016),('priest','n. 牧师,神父','[pri:st]',2017),('primarily','adv. 主要地,首先','[\'praim4rili, prai\'merili]',2018),('primary','adj. 主要的,首要的,基本的;最初的,初级的','[\'pr2im4ri]',2019),('prime','adj. 首要的,主要的;最好的,第一流的 n. 青春,壮 年;全盛时期 vt. 使完成准备工作,使准备好','[pr2im]',2020),('primitive','adj. 原始的,早期的;简单的,粗糙的 n. 原(始)人,原始事物','[\'primitiv]',2021),('prince','n.王子,亲王','[\'prins]',2022),('prince','n.王子，亲王','[prins]',2023),('princess','n.公主,王妃','[`prin\'ses]',2024),('princess','n.公主，王妃','[\'prinsis,prin\'ses]',2025),('principal','adj. 最重要的,主要的 n. 负责人,校长;资本,本金;主要演员,主角','[\'prins4p4l]',2026),('principle','n. 原理,原则,道义;基本信念,信条','[\'prins4pl]',2027),('prior','adj. 优先的,在前的','[\'pr2i4]',2028),('priority','n. 优先(权),重点;优先考虑的事','[prai\'3riti]',2029),('private','adj. 私人的;秘密的,私下的;私立的,私营的 n. 士兵,列兵','[\'pr2ivit]',2030),('privilege','n. 特权,优惠','[\'privilid9]',2031),('probable','adj. 很可能的,大概的','[\'pr3b4b4l]',2032),('procedure','n. 程序,手续,步骤','[pr4\'si:d94]',2033),('proceed','vi. 进行,继续下去;(沿特定路线)行进,(朝特定方向)前进','[pr4\'si:d]',2034),('process','n. 过程,进程;工序,制作法;(法律)程序,(诉 讼)手续 vt. 加工 ,处理,办理','[\'pr4uses]',2035),('procession','n. 队伍,行列','[pr4\'se54n]',2036),('produce','vt. 制造,产生;显示,出示;上演,演出 n. 产品','[pr4\'dju:s]',2037),('product','n. 产品,产物;乘积','[\'pr3d8kt]',2038),('production','n. 生产,制作,产量;产品,作品;出示,提供','[pr4\'d8k54n]',2039),('profession','n. 职业,自由职业;[the ～]同业,同行;公开表示,表白','[pr4\'fe54n]',2040),('professional','adj. 职业的,专业的,专门的 n. 自由职业者,专业人员','[pr4\'fe54n4l]',2041),('professor','n. 教授','[pr4\'fes4]',2042),('profile','n. (面部或头部的)侧面(像);传略,人物简介;轮廓,外形;姿态,引人注目的状态 vt. 为…描绘(轮廓等),写…传略(或概况)','[\'pr4uf2il]',2043),('profit','n. 利润,收益,益处 vt. 有益于,有利于 vi. 得益','[\'pr3fit]',2044),('progressive','adj. 进步的,先进的;前进的,渐进的','[pr4\'gresiv]',2045),('prohibit','vt. 禁止,不准','[pr4\'hibit]',2046),('project','n. 方案,计划;课题,项目;工程 vt. 投射,发射,放映;使伸出,突出','[pr4\'d9ekt,\'pr3d9ekt]',2047),('prominent','adj. 突出的,杰出的;突起的,凸起的','[\'pr3min4nt]',2048),('promise','v. 允诺;有希望,有前途 n. 承诺,诺言;希望,出息','[\'pr3mis]',2049),('promote','vt. 促进,增进,发扬;提升,提拔;宣传,推销','[pr4\'m4ut]',2050),('prompt','vt. 促使,推动;提示 adj. 敏捷的,及时的 n. 提示','[pr3mpt]',2051),('pronoun','n. 代词','[\'pr4un2un]',2052),('pronounce','vt. 发音;宣布,宣判','[pr4\'n2uns]',2053),('pronunciation','n. 发音,发音方法','[pr4`n8nsi\'ei54n]',2054),('proof','n. 证据,证明;校样,样张;adj. 耐…的,能防…的','[pru:f]',2055),('proper','adj. 适合的;正当的;特有的,固有的;有礼貌的,正派的','[\'pr3p4]',2056),('property','n. 财产,资产,所有物;房产,地产,物业;性质,特性','[\'pr3p4ti]',2057),('proportion','n. 比例;部分;均衡,相称','[pr4\'p3:54n]',2058),('proportional','adj. 比例的,成比例的','[pr4\'p3:54n4l]',2059),('proposal','n. 提议,建议;求婚','[pr4\'p4uz4l]',2060),('propose','v. 提议,建议;提名,推荐;打算,计划;求婚','[pr4\'p4uz]',2061),('prospect','n. 前景,前途;景象,景色;可能成为主顾的 人,有希望的候选人 vt. 勘探,勘察','[\'pr3spekt]',2062),('prosperity','n. (U)兴旺,繁荣','[pr3\'speriti]',2063),('prosperous','adj. 繁荣的,兴旺的','[\'pr3sp4r4s]',2064),('protect','vt. 保护,保卫','[pr4\'tekt]',2065),('protection','n. 保护,防护','[pr4\'tek54n]',2066),('protective','adj. 保护的,防护的','[pr4\'tektiv]',2067),('protein','n. 蛋白质','[\'pr4uti:n]',2068),('protest','v. /n. 抗议,反对','[pr4\'test, \'pr4utest]',2069),('proud','adj. 骄傲的;自豪的,得意的','[pr2ud]',2070),('prove','vt. 证明,证实 vi. 结果是,原来是','[pru:v]',2071),('provide','v. 提供,供给','[pr4\'v2id]',2072),('provided','conj. 假如,若是','[pr4\'v2idid]',2073),('province','n. 省;领域,范围','[\'pr3vins]',2074),('provision','n. 供应;准备,预备;条款,规定;(pl.)给养,口粮','[pr4\'vi94n]',2075),('provoke','vt. 对…挑衅,激怒;激起,引起','[pr4\'v4uk]',2076),('psychological','adj. 心理(学)的','[`s2ik4\'l3d9ik4l]',2077),('pub','n.酒吧,酒馆','[p8b]',2078),('publication','n. 出版,发行;出版;公布,发表','[`p8bli\'kei54n]',2079),('publicity','n. 公众的注意,名声;宣传,宣扬','[p8b\'lisiti]',2080),('publish','vt. 出版,刊印;发表,公布','[\'p8bli5]',2081),('pulse','n. 脉搏;脉冲 vi. 搏动,跳动','[p8ls]',2082),('pump','n. 泵 vt. (用泵)抽(水),打气','[p8mp]',2083),('punch','vt. 猛击;穿孔 n. 猛击;冲床,穿孔机;力量,效力','[p8nt5]',2084),('punctual','adj. 严守时刻的,准时的,正点的','[\'p86ktju4l]',2085),('punish','vt. 惩罚,处罚','[\'p8ni5]',2086),('purchase','vt. 买,购买 n. 购买,购买的物品;','[\'p4:t54s]',2087),('pure','adj. 纯的,纯净的;纯理论的,抽象的;十足的,完全的','[pju4]',2088),('purple','adj. 紫的n. 紫色','[\'p4:pl]',2089),('purpose','n. 目的,意图;用途;效果','[\'p4:p4s]',2090),('purse','n. 钱包','[p4:s]',2091),('pursue','vt. 继续,从事;追赶,追踪;追求','[p4\'sju:]',2092),('puzzle','v. (使)迷惑,(使)为难;(使)苦思 n. 智力测验,智力 玩具,谜;难题,令人费解的事(或人)','[\'p8zl]',2093),('qualification','n. 资格,资格证明,合格证书;限制,限定性条件','[`kw3lifi\'kei54n]',2094),('qualify','v. (使)具有资格,(使)胜任,(使)合适','[\'kw3li`f2i]',2095),('quarrel','n. 争吵,口角 vi. 争吵,争论;对…表示反对,挑剔,抱怨','[\'kw3r4l]',2096),('quarter','n. 四分之一;季度;一刻钟;(pl.)住处 adj. 四分之一的 vt. 四等分','[\'kw3:t4]',2097),('queen','n. 女王,王后','[kwi:n]',2098),('queue','n. (人或车辆的)行列,长队 vi. (up)排长队','[kju:]',2099),('quit','v. 停止,放弃;离开,辞(职)','[kwit]',2100),('quiz','n. 智力竞赛,问答比赛;小测验vt. 考查,盘问','[kwiz]',2101),('quotation','n. 引文,引语,语录;报价,牌价,行情','[kw4u\'tei54n]',2102),('quote','v. 引用,援引 n. 引文,引语;报价,牌价;(pl.)引号','[kw4ut]',2103),('rabbit','n. 兔子','[\'r1bit]',2104),('race','n. 比赛,赛跑;竞争;人种,种族 v. 参加比赛;使疾走,使迅跑','[reis]',2105),('racial','adj. 人种的,种族的','[\'rei54l]',2106),('rack','n. 搁架,挂架 v. 使痛苦,折磨;使紧张,使努力','[r1k]',2107),('radar','n. (U)雷达','[\'reida:]',2108),('radiation','n. 放射物,辐射能;辐射','[`reidi\'ei54n]',2109),('radical','adj. 根本的,基本的;激进的,激进派的 n. 激进分子','[\'r1dik4l]',2110),('rag','n. 破布,碎片;(pl.)破旧衣服','[r1g]',2111),('rage','n. 狂怒,盛怒;[the ～]风靡一时的事物,时尚 vi. (风)狂吹,(浪)汹涌,(战争等)激烈进行;发怒,发火','[reid9]',2112),('raid','vt. /n. (突然)袭击;(警察等)突入查抄,突入搜捕;劫掠,劫夺','[reid]',2113),('rail','n. 栏杆,横杆;(常pl. )铁轨,轨道;(U)铁路 vt. 咒骂,严厉责备,抱怨','[reil]',2114),('railroad','n. 铁路','[\'reilr4ud]',2115),('rainbow','n. 虹','[\'reinb4u]',2116),('raincoat','n. 雨衣','[\'reink4ut]',2117),('rainy','adj. 下雨的,多雨的','[\'reini]',2118),('raise','vt. 举起,提高;增加;筹集;唤起;提出;养育,饲养,种植','[reiz]',2119),('rally','n. 集会,(群众)大会;公路汽车赛;','[\'r1li]',2120),('range','n. 一系列;幅度,范围;射程,距离;(山)脉;靶场,射击 场 vi. (在某范围内)变动,变化;(over) 论及,涉及; 漫游,来回行动,四处搜索 vt. 使排列成行','[reind9]',2121),('rank','n. 军衔,职衔;地位,社会阶层;(the pl. )(政党、组织等的)普通成员;排,行列 vt. 把…分等,给…评定等级 vi. 列入,(在序列中)占特定特级','[r16k]',2122),('rapid','adj. 快的,迅速的 n. (pl.)急流,湍滩','[\'r1pid]',2123),('rare','adj. 稀有的,罕见的;珍奇的,出类拔萃的;','[re4]',2124),('rarely','adv. 不常,难得','[\'re4li]',2125),('rat','n. 鼠','[r1t]',2126),('rate','n. 速度,进度;比率,率;价格,费 vt. 对…估价,评估;给…定级,把…列为;值得,应得 vi. 被评价,被列入特定级别','[reit]',2127),('rather','adv. 相当,颇有点儿;宁愿,宁可;更确切些','[\'ra:04]',2128),('ratio','n. 比,比率','[\'rei5i4u]',2129),('rational','adj. 理性的,理智的;合理的','[\'r154n4l]',2130),('raw','adj. 自然状态的,未加工过的;未煮过的,生的;(数据等)未经分析的,原始的;生疏无知的,未经训练的;(伤口等)露肉而刺痛的','[r3:]',2131),('react','vi. 反应,作出反应;(against)反对,反动,反其道而行; (with)起化学反应;(on, upon)影响,起作用','[ri\'1kt]',2132),('reaction','n. 反应,反作用; (against)反动,对抗','[ri\'1k54n]',2133),('reader','n. 读者;读物,读本','[\'ri:d4]',2134),('readily','adv. 乐意地,欣然地;容易地;很快地,立即','[\'redili]',2135),('reading','n. 读,阅读;朗读,朗诵(会);读物,选读;','[\'ri:di6]',2136),('realistic','adj. 现实的;实际可行的;现实主义的,逼真的','[ri4\'listik]',2137),('reality','n. 现实,实际;真实','[ri\'1liti]',2138),('realize','vt. 认识,体会,明白;实现,使变为现实','[\'ri4l2iz]',2139),('realm','n. 界,领域,范围;王国,国度','[relm]',2140),('rear','n. 后部,尾部,背面;后方 adj. 后面的,背后的;后方的 vt. 饲养,抚养,种植','[ri4]',2141),('reason','n. 理由,原因;理性,理智 v. 推断,分析;理喻,劝告','[\'ri:z4n]',2142),('reasonable','adj. 通情达理的,讲道理的;合理的;(价钱)公道的;过得去的','[\'riz4n4b4l]',2143),('rebel','n. 反叛分子,反对者 vi. 反叛,造反;反对,不服从','[\'reb4l]',2144),('recall','vt. 回忆起,回想起;召回,叫回;撤消,收回 vi. 记得,回想','[ri\'k3:l]',2145),('receipt','n. 发票,收据;(pl. )收入,进款;收到,接到','[ri\'si:t]',2146),('receive','vt. 收到,接到;遭受;接见,欢迎','[ri\'si:v]',2147),('receiver','n. (电话)听筒;接收器','[ri\'si:v4]',2148),('recent','adj. 新近的,近来的','[\'ri:s4nt]',2149),('recently','adv. 最近,新近','[\'ri:s4ntli]',2150),('reception','n. 招待会,欢迎会;接受,接纳;接待,迎接; (U)(无线电,电视等的)接收效果','[ri\'sep54n]',2151),('recession','n. (经济的)衰退,衰退期','[ri\'se54n]',2152),('reckon','vt. 认为,估计;(on)指望,盼望;测算,测量','[\'rek4n]',2153),('recognition','n. 认出,识别;承认,确认;表彰,报偿','[`rek4g\'ni54n]',2154),('recognize','vt. 认出,识别;承认,确认,认可;赏识,表彰,报偿','[\'rek4gn2iz]',2155),('recommend','vt. 推荐,举荐;劝告,建议; 使成为可取,使受欢迎','[`rek4\'mend]',2156),('recommendation','n. (C)推荐,推荐信;(U)建议,劝告;优点,长处,可取之处','[`rek4men\'dei54n]',2157),('recorder','n. 录音机,录像机;记录装置,记录仪','[ri\'k3:d4]',2158),('recover','v. 恢复,痊愈;寻回,收复;使复原,使康复;挽回,弥补','[ri\'k8v4]',2159),('recovery','n. (U)恢复,痊愈;(U)追回,寻回,收复','[ri\'k8v4ri]',2160),('recreation','n. 娱乐活动,消遣','[`rekri\'ei54n]',2161),('recruit','v. 招募(新兵),招收(新成员) n. 新兵,新成员','[ri\'kru:t]',2162),('reduce','vt. 缩小,减小;使降级,使沦落;迫使','[ri\'dju:s]',2163),('reduction','n. 减小,缩小;下降,降低','[ri\'d8k54n]',2164),('refer','v. 提到,涉及;指的是;参考,查阅;让…求助于;提交…仲裁','[ri\'f4:]',2165),('reference','n. 提到,论及;参考,查阅;参考书目;推荐信(或人)','[\'ref4r4ns]',2166),('refine','vt. 精炼,精制;使优美,使完善','[ri\'f2in]',2167),('reflect','v. 反映,显示;反射,映现;深思,考虑,反省','[ri\'flekt]',2168),('reflection','n. 映像,倒影;反射;反映,表达;非议,批评;深思,考虑,反省','[ri\'flek54n]',2169),('reform','vt. /n. 改革,改造,改良 vi. 改正,改过自新','[ri\'f3:m]',2170),('refresh','v. (使)精神振作,(使)恢复活力','[ri\'fre5]',2171),('refrigerator','n. 冰箱,冷藏室','[ri\'frid94reit4]',2172),('refugee','n. 难民','[`refju\'d9i:]',2173),('refusal','n. 拒绝','[ri\'fju:z4l]',2174),('regard','vt. 把…看作;注视;尊敬 n. 尊敬,尊重;(pl.)致意,问候;方面','[ri\'ga:d]',2175),('regarding','prep. 关于','[ri\'ga:di6]',2176),('regardless','adv. 不顾后果地,不管怎样,无论如何','[ri\'ga:dl4s]',2177),('region','n. 地区,地带,区域;范围,幅度','[\'ri:d94n]',2178),('register','n. 登记,注册;登记表,注册簿 vi. 登记,注册 vt. 登记,给…注册;(仪表等)指示,自动记下','[\'red9ist4]',2179),('regret','v./n. 遗憾,懊悔,抱歉','[ri\'gret]',2180),('regular','adj. 有规律的;定期的,固定的;匀称的;常规的,经常的','[\'regjul4]',2181),('regulate','vt. 控制,管理;调整,调节','[\'regjuleit]',2182),('regulation','n. 规章,规则;(U)管理,控制,调节','[`regju\'lei54n]',2183),('reinforce','vt. 增强,加强,增援','[`ri:in\'f3:s]',2184),('reject','vt. 拒绝;退回,摈弃 n. 被拒货品','[ri\'d9ekt]',2185),('relate','vi. (to)有关联;适应,和睦相处 vt. 使互相关联;叙述,讲述','[ri\'leit]',2186),('relationship','n. 关系,关联','[ri\'lei54n5ip]',2187),('relativity','n. (U)相对论;相关性','[`rel4\'tiviti]',2188),('relax','v. (使)松弛,放松;放宽,缓和','[ri\'l1ks]',2189),('release','vt. 释放,排放;解除,解脱;放开,松开;发布,发行','[ri\'li:s]',2190),('relevant','adj. (to) 有关的,切题的','[\'reliv4nt]',2191),('reliable','adj. 可靠的,可信赖的','[ri\'l2i4bl]',2192),('relief','n. 轻松,宽慰;(痛苦等)缓解,减轻,解除;使得到调剂;接替,替下','[ri\'li:f]',2193),('relieve','vt. 使轻松,使宽慰;缓解,减轻,解除;使得到调剂; 接替,替下','[ri\'li:v]',2194),('religion','n. 宗教,宗教信仰','[ri\'lid94n]',2195),('religious','adj. 宗教的;笃信宗教的,虔诚的','[ri\'lid94s]',2196),('reluctant','adj. 不情愿的,勉强的','[ri\'l8kt4nt]',2197),('rely','vi. (on, upon)依靠,依赖;信赖,指望','[ri\'l2i]',2198),('remain','vi. 仍然是;留下,停留;剩余;留待 n. (pl.)剩余物;残骸;遗迹','[ri\'mein]',2199),('remark','vt. 说,评论说 vi. 评论,谈论 n. 话语,谈论,评论','[ri\'ma:k]',2200),('remarkable','adj. 值得注意的,引人注目的;异常的,非凡的','[ri\'ma:k4bl]',2201),('remedy','n. 补救办法,纠正办法;药品,治疗法 vt. 补救,纠正;治疗,医治','[\'remidi]',2202),('remind','vt. 提醒,使想起;使发生联想','[ri\'m2ind]',2203),('remote','adj. 遥远的,偏僻的;关系疏远的,脱离的;','[ri\'m4ut]',2204),('removal','n. 除去,消除;移动,搬迁','[ri\'mu:v4l]',2205),('remove','vt. 移开,挪走;脱下,摘下;去掉,除去;把…免职,开除','[ri\'mu:v]',2206),('render','vt. 使得,致使;给予,提供;翻译','[\'rend4]',2207),('renew','v. 重新开始,继续;(使)更新,恢复;延长(…的)有效期','[ri\'nju:]',2208),('rent','vt. 租借,租用;出租,出借 vi. 出租,出借 n. 租金,出租','[rent]',2209),('repair','n. 修理;维修状态,保养,情况 vt. 修理,修补;弥补,补救','[ri\'pe4]',2210),('repeatedly','adv. 一再,再三,多次地','[ri\'pi:tidli]',2211),('repent','v. 后悔,悔悟','[ri\'pent]',2212),('repetition','n. 重复,反复','[`repi\'ti54n]',2213),('replace','v. 代替,取代;更换,调换;把…放回原处','[ri\'pleis]',2214),('replacement','n. 替代,取代;更换,调换;替换,替代的人(或物)','[ri\'pleism4nt]',2215),('reply','v./n. 回答,答复','[ri\'pl2i]',2216),('reporter','n. 记者','[ri\'p3:t4]',2217),('represent','vt. 作为…代表(代理);表示,象征;描绘,表现','[`repri\'zent]',2218),('representative','n. 代表,代理人 adj. (of) 典 型的,有代表性的','[`repri\'zent4tiv]',2219),('reproduce','v. 复制,再现;繁殖,生殖','[`ri:pr4\'dju:s]',2220),('republican','adj. 共和政体的;[R-]共和党的n. [R-]共和党人','[ri\'p8blik4n]',2221),('reputation','n. 名气,名声,名誉','[repju\'tei54n]',2222),('request','vt./n. 请求,要求','[ri\'kwest]',2223),('require','vt. 需要;要求,规定','[ri\'kw2i4]',2224),('requirement','n. 要求,必要条件;需要,需要的东西','[ri\'kw2i4m4nt]',2225),('rescue','vt. /n. 营救,援救','[\'reskju:]',2226),('resemble','vt. 像,类似于','[ri\'zemb4l]',2227),('reservation','n. (住处，座位等的)预订;保留,犹豫;(美国印第安部落的)居留地','[`rez4\'vei54n]',2228),('reserve','vt. 保留,留存;预订 n. 储备(物);(U)保留,拘谨; 替补队员,后备部队;自然保护区','[ri\'z4:v]',2229),('reservoir','n. 水库,蓄水池;(知识、人才等的)储藏,汇集','[\'rez4vwa:]',2230),('residence','n. 住处,住宅;居住,(合法)居住资格','[\'rezid4ns]',2231),('resident','n. 居民,定居者;住院医生 adj. 居住的,定居的;住校的,住院的','[\'rezid4nt]',2232),('resign','vi. 辞职 vt. 放弃,辞去;(to) 使顺从','[ri\'z2in]',2233),('resist','vt. 抵抗,反抗,抵制;抗(病等),耐(热等);忍住,拒受…的影响 vi. 抵抗,反抗,抵制','[ri\'zist]',2234),('resistance','n. 反抗,抵制;抵抗力,抵抗性;阻力,电阻','[ri\'zist4ns]',2235),('resistant','adj. 抵抗的,抗…的,耐…的','[ri\'zist4nt]',2236),('resolution','n. 正式决定;决心,决意;解决,解答;分辨率,清晰度','[`rez4\'lu:54n]',2237),('resolve','v. 解决,解答;决意,决定;(into)分解 vi. 决定,决意 n. 决心,决定','[ri\'z3lv]',2238),('resort','vi. (to) 求助,凭借,诉诸 n. 求助,凭借,诉诸;求助的对象,采用的手段;常去之地,胜地','[ri\'z3:t]',2239),('resource','n. 资源, 财力, 办法','[\'ri:s3:s, ri\'s3:s]',2240),('respective','adj. 各自的,各个的,分别的','[ri\'spektiv]',2241),('respectively','ad./v. 各自地,各个地,分别地','[ri\'spektivli]',2242),('respond','vi. 回答,答复;(to)作出反应,响应','[ri\'sp3nd]',2243),('response','n. 回答,答复;反应,响应','[ri\'sp3ns]',2244),('responsibility','n. (U)责任,责任心; 职责,义务','[ri`sp3ns4\'biliti]',2245),('responsible','adj. 承担责任的;有责任感的;责任重大的,重要的','[ris\'p3ns4b4l]',2246),('restless','adj. 焦躁不安的;静不下来的,运动不止的','[\'restl4s]',2247),('restore','vt. 恢复,使回复;修复,整修;归还,交还','[ri\'st3:]',2248),('restrain','vt. 阻止,控制;抑制,遏制','[ri\'strein]',2249),('restraint','n. 抑制,限制,克制;约束措施,约束条件','[ri\'streint]',2250),('restrict','vt. 限制,约束,限定','[ri\'strikt]',2251),('resume','v. (中断后)重新开始,继续,恢复 n. 摘要,概要;简历','[ri\'zju:m, `rezju:\'mei]',2252),('retail','adv. /v. /n. 零售','[\'ri:teil, ri\'teil]',2253),('retain','vt. 保留,保持','[ri\'tein]',2254),('retire','vi. 退休,退役;退出,退下,撤退;就寝','[ri\'t2i4]',2255),('retreat','vi. 撤退;规避,退缩 n. 退却,撤退;规避,退缩; 隐退处,隐居','[ri\'tri:t]',2256),('reveal','vt. 揭露,泄露;展现,显示','[ri\'vi:l]',2257),('revenue','n. (尤指大宗的)收入,收益;(政府的)税收','[\'rev4nju:]',2258),('reverse','vt. 使位置颠倒;使反向,使倒转 n. 相反,对立面;反面,后面 adj. 反向的,相反的,倒转的','[ri\'v4:s]',2259),('review','vt./n. 审查,复查,回顾;复习,温习;评论(作品等);检阅','[ri\'vju:]',2260),('revise','v. 修订,修改;复习','[ri\'v2iz]',2261),('revolt','vi. /n. 反叛,起义;反抗,违抗 vt. 使厌恶,使生反感','[ri\'v4ult]',2262),('revolution','n. 革命,大革命;旋转','[`rev4\'lu:54n]',2263),('revolutionary','adj. 革命的,革新的 n. 革命者','[`rev4\'lu:54n4ri]',2264),('reward','n. 报答,奖赏;报酬,酬金 vt. 报答,酬谢,奖励','[ri\'w3:d]',2265),('rhythm','n. 节奏,韵律','[\'ri04m]',2266),('rib','n. 肋骨','[rib]',2267),('ribbon','n. 缎带,丝带;(打印机等的)色带','[\'rib4n]',2268),('rid','vt. (of) 使摆脱,解除…的负担,从…中清除','[rid]',2269),('ridge','n. 脊,山脊;垄,埂,脊状突起','[rid9]',2270),('ridiculous','adj. 可笑的,荒谬的','[ri\'dikjul4s]',2271),('rifle','n. 步枪','[\'r2ifl]',2272),('rigid','adj. 严格的,死板的;刚硬的,僵硬的','[\'rid9id]',2273),('riot','vi. 聚众闹事 n. 骚乱,暴乱;(色彩、声音等)极度丰富','[\'r2i4t]',2274),('ripe','adj. 成熟的;(for) 时机成熟的','[r2ip]',2275),('risk','n. 危险,风险;引起危险的事物(或人) vt. 冒…的危险,使遭受危险','[risk]',2276),('rival','n. 竞争对手,敌手;可与匹敌的人(或物);adj. 竞争的,对抗的 vt. 与…竞争;与…匹敌,比得上','[\'r2iv4l]',2277),('roar','vi. 吼叫,怒号,咆哮;轰鸣 vt. 大声喊出,大声表示;','[r3:]',2278),('roast','v. 烤,炙,烘 n. 烤肉adj. 烤过的,烘过的','[r4ust]',2279),('rob','v. 抢劫,盗窃; (非法)剥夺,使丧失','[r3b]',2280),('robot','n. 机器人','[\'r4ub3t]',2281),('rock','n. 岩石,石块;(U)摇滚乐 v. 摇,摇动','[r3k]',2282),('rocket','n. 火箭 vi. 迅速上升,猛涨','[\'r3kit]',2283),('rod','n. 杆,棒','[r3d]',2284),('role','n. 作用,职责;角色','[r4ul]',2285),('roll','v. 滚动,转动;卷,绕;碾;摇摆 n. 卷形物;面包卷;名单','[r4ul]',2286),('roller','n. 滚筒,滚轴','[\'r4ul4]',2287),('Roman','adj. 罗马的,罗马数字的','[\'r4um4n]',2288),('romantic','adj. 浪漫的,多情的;有浪漫色彩的,传奇性的;不切实际的,空想的','[r4u\'m1ntik]',2289),('rope','n. 绳,索vt. 用绳捆(或扎等)','[r4up]',2290),('rose','n. 玫瑰,蔷薇','[r4uz]',2291),('rotate','v. (使)旋转,(使)转动;(使)轮流','[r4u\'teit]',2292),('rotten','adj. 腐烂的,腐朽的;令人不愉快的;很差的,糟糕的','[\'r3tn]',2293),('rough','adj. 粗糙的;粗野的;大致的;艰难的 adv. 粗暴地 vt. 草拟;殴打','[r8f]',2294),('rouse','vt. 惊起,唤起,唤醒','[r2uz]',2295),('route','n. 路线,路程','[ru:t]',2296),('routine','n. 例行公事,惯例,惯常的程序;adj. 例行的,常规的','[ru:\'ti:n]',2297),('row','n. (一)排;划船;争吵 v. 划船,(船)划行;争吵,吵闹','[r4u, rou]',2298),('royal','adj. 王室的,皇家的','[\'r3i4l]',2299),('rub','v. 擦,摩擦','[r8b]',2300),('rubber','n. (U)橡胶(制品);橡皮;(pl.)胶鞋 adj. 橡胶的','[\'r8b4]',2301),('rubbish','n. (U)废物,垃圾;荒谬的念头(或建议)','[\'r8bi5]',2302),('rude','adj. 粗鲁的,无礼的,猛烈的,残暴的','[ru:d]',2303),('rug','n. (小)地毯','[r8g]',2304),('ruin','v. (使)毁坏;(使)破产 n. (U)毁灭,毁坏;(pl.)废墟,遗迹','[\'ru:in]',2305),('rule','n. 规则,条例;习惯;管辖 v. 统治,控制,支配;裁决','[ru:l]',2306),('ruler','n. 统治者,支配者;(直)尺','[\'ru:l4]',2307),('rumor','n. 传闻,谣言','[\'ru:m4]',2308),('rural','adj. 农村的','[\'ru4r4l]',2309),('rush','v. 冲;突然袭击;匆忙地做;催促 n. 冲;急迫;争购;一阵感觉','[r85]',2310),('Russian','adj. 俄罗斯的; n. 俄语,俄罗斯人','[\'r854n]',2311),('rust','v. (使)生锈 n. 铁锈','[r8st]',2312),('sack','n. 麻袋,包;[the ～]解雇;[the ～]洗劫,劫掠 vt. 解雇;洗劫,劫掠','[s1k]',2313),('sacrifice','n. 牺牲,舍身;献祭,供奉;祭品 vt. 牺牲,献出;献祭','[\'s1krif2is]',2314),('saddle','n. (马)鞍,鞍状物;(自行车)车座 vt. 给…装鞍;使承担任务','[\'s1dl]',2315),('safety','n. (U)安全,保险;安全设备,保险装置;安全场所','[\'seifti]',2316),('sail','vi. 航行 vt. 驾驶(船只);在…上航行 n. 帆;航行','[seil]',2317),('sailor','n. 水手,海员','[\'seil4]',2318),('saint','n. 圣徒;圣人,道德高尚的人;[S-]圣(用于人名、地名等前)','[sent, seint]',2319),('sake','n. 缘故,理由','[seik]',2320),('salad','n. 色拉,凉拌菜','[\'s1l4d]',2321),('salary','n. 薪金,薪水','[\'s1l4ri]',2322),('salesman','n. 售货员,推销员','[\'seilzm4n]',2323),('sample','n. 样品,试样,样本 vt. 从…抽样(试验或调查);品尝,体验','[\'s1mpl, \'sa:mp4l]',2324),('sanction','vt. 批准,订可 n. 批准,订可;约束因素,约束力;(C, 常pl.)国际制裁','[\'s16k54n]',2325),('sandwich','n. 三明治,夹肉面包 vt. 夹入,挤进','[\'s1ndwit5, \'s1nwid9]',2326),('satellite','n. 卫星,人造卫星','[\'s1t4l2it]',2327),('satisfaction','n. 满足,满意;赔偿(物),补偿(物)','[`s1tis\'f1k54n]',2328),('satisfactory','adj. 令人满意的','[`s1tis\'f1kt4ri]',2329),('satisfy','vt. 满足,使满意;使确信,使弄清楚;符合,达到','[\'s1tisf2i]',2330),('sauce','n. 调味汁,佐料','[s3:s]',2331),('saucer','n. 茶托,碟子','[\'s3:s4]',2332),('sausage','n. 香肠,腊肠','[\'s3sid9]',2333),('save','vt. 救助;储蓄;节省,免去;保存 vi. 储蓄 prep. 除…之外','[seiv]',2334),('saving','n. 节省,节约;(pl. )储蓄金,存款','[\'seivi6]',2335),('saw','n. 锯,锯床 vt. 锯(开)','[s3:]',2336),('scale','n. 大小,规模;等级,级别;(pl. )天平,磅秤;比例(尺);刻度,标度;(鱼等的)鳞 vt. 攀登,爬越','[skeil]',2337),('scan','vt. 细看,审视;扫描;浏览 n. 扫描','[sk1n]',2338),('scandal','n. 丑事,丑闻;(U)流言蜚语;反感,愤慨','[\'sk1ndl]',2339),('scarce','adj. 缺乏的,不足的;稀少的,罕见的','[ske4s]',2340),('scarcely','ad./v. 几乎不,简直不;决不;刚刚,才','[\'skA4sli]',2341),('scare','n. 惊恐,恐慌 vt. 吓,使害怕 vi. 受惊吓,感到害怕','[ske4]',2342),('scatter','vt. 撒,撒播;使散开,驱散 vi. 分散,消散','[\'sk1t4]',2343),('scenery','n. 风景,景色;舞台布景','[\'si:n4ri]',2344),('schedule','n. 时刻表,日程安排表;清单,明细表 vt. 安排,排定','[\'5edd9ul, \'5edju:l]',2345),('scheme','n. 计划,方案;阴谋 v. 密谋,策划','[ski:m]',2346),('scholar','n. 学者;奖学金获得者','[\'sk3l4, \'sk2`]',2347),('scholarship','n. 奖学金;学问,学识','[\'sk3l45ip]',2348),('scissors','n. 剪刀','[\'siz4z]',2349),('scold','v. 责骂,训斥','[sk4uld]',2350),('scope','n. 范围; (发挥能力等的)余地,机会','[sk4up]',2351),('score','n. 得分;划痕;二十 v. 得分;给评分;刻痕于;获胜,成功','[sk3:]',2352),('scout','n. 侦察员(或机、舰);童子军 vi. 侦察,寻找','[sk2ut]',2353),('scrape','v. 刮,擦 n. 刮,擦,刮擦声','[skreip]',2354),('scratch','v. 抓,搔,扒;刮擦,刻划 n. 抓,搔,刮;抓痕,划痕','[skr1t5]',2355),('screen','n. 屏幕,银幕;屏风,帘,纱窗 vt. 掩蔽;放映(电影),播放;审查','[skri:n]',2356),('screw','n. 螺丝(钉) vt. 用螺打固定;拧,拧紧','[skru:]',2357),('script','n. 剧本,广播稿;文字体系;笔迹,手迹','[skript]',2358),('seal','n. 封铅,封条;印,图章;海豹 vt. (密)封','[si:l]',2359),('season','n. 季(节);节期,时期 vt. 给…调味,加味于','[\'si:z4n]',2360),('secondary','adj. 次要的,第二的;(教育、学校等)中等的;辅助的,从属的','[\'sek4nd4ri]',2361),('secret','adj. 秘密的,机密的 n. 秘密','[\'si:krit]',2362),('secretary','n. 秘书;书记;(美)部长,(英)大臣','[\'sekr4t4ri]',2363),('section','n. 部分;章节;部门,科;截面,剖面','[\'sek54n]',2364),('sector','n. 部门,部分;防御地段,防区;扇形','[\'sekt4]',2365),('secure','adj. 安全的,可靠的;牢固的;无忧虑的 vt. (费了一番苦心才)得到,获得;使安全,保卫;缚牢','[si\'kju4]',2366),('security','n. 安全,保障;抵押品;(pl.)证券','[si\'kju4riti]',2367),('seed','n. 种子;(pl.)萌芽,开端,起因','[si:d]',2368),('seek','v. 寻找,追求;征求(意见),请求(帮助);试图,设法','[si:k]',2369),('segment','n. 部分,片断;(橘子等的)瓣','[\'segm4nt]',2370),('seize','vt. 抓住,捉住;夺取,占据','[si:z]',2371),('select','vt. 选择,挑选 adj. 精选的,挑选出来的;优等的,第一流的','[si\'lekt]',2372),('selection','n. 选择,挑选;被挑选出来的人(或物),精选品;可供选择的东西','[si\'lek54n]',2373),('selfish','adj. 自私的,利己的','[\'selfi5]',2374),('semester','n. 学期','[si\'mest4]',2375),('semiconductor','n. 半导体','[`semik4n\'d8kt4]',2376),('seminar','n. (大学的)研究班,研讨会','[\'semina:]',2377),('senate','n. 参议院,上院','[\'senit]',2378),('senator','n. 参议员','[\'sen4t4]',2379),('senior','adj. 资格校老的,地位较高的;年长的; n. 较年长者;(中学或大学的)毕业班学生','[\'si:ni4]',2380),('sensible','adj. 明智的,合情理的','[\'sens4b4l]',2381),('sensitive','adj. 敏感的;灵敏的;神经过敏的,容易生气的;易受伤害的','[\'sensitiv]',2382),('sentence','n. 句子;判决,宣判 vt. 判决,宣判','[\'sent4ns]',2383),('sequence','n. 连续,接续,一连串;次序,顺序','[\'si:kw4ns]',2384),('series','n. 一系列,连续;丛书;(电视)连续剧','[\'si4ri:z]',2385),('serious','adj. 严重的,危急的;重要的,重大的;认真的;严肃的,庄重的','[\'si4ri4s]',2386),('session','n. 会议,一届会期;(从事某项活动的)集会(或一段时间)','[\'se54n]',2387),('setting','n. 环境,(小说等的)背景,(舞台等的)布景;','[\'seti6]',2388),('settlement','n. 解决,协议;居留地','[\'setlm4nt]',2389),('seventeen','num.七，七个','[\'sev4n\'ti:n]',2390),('seventy','num.七十，七十个','[\'sev4nti]',2391),('severe','adj. 严重的;严厉的,严格的;严峻的,艰难的;朴素的,不加装饰的','[si\'vi4]',2392),('sexual','adj. 性的,两性的;性别的','[\'sek5u4l]',2393),('shallow','adj. 浅的;浅薄的 n. (pl.)浅滩,浅水处','[\'51l4u]',2394),('shame','n. 羞愧,耻辱;遗憾的事 vt. 使蒙羞;使感到惭愧','[5eim]',2395),('shape','n. 形状;状况,状态 vt. 形成,使成形;决定…的进程','[5eip]',2396),('share','v. 合用;分配,均分;分担 n. 一份,份额;(pl.)股票,股份','[5e4]',2397),('sharp','adj. 锐利的;鲜明的;敏锐的;猛烈的;刺耳的 adv. 整,准','[5a:p]',2398),('shave','vt. 剃,刮,刨,削 vi. 修面,刮脸 n. 修面,刮脸','[5eiv]',2399),('shed','vt. 脱落,脱去;流出,流下;发出(光等),散发;摆脱,去掉 n. 棚屋','[5ed]',2400),('sheer','adj. 完全的,十足的;陡峭的,垂直的;极薄的,透明的adv. 垂直地,陡峭地 vi. (off)急转向,偏离','[5i4]',2401),('sheet','n. 被单;薄板;(一)张,(一)片,(一)块','[5i:t]',2402),('shell','n. 壳,贝壳;外壳,框架;炮弹 vt. 剥…的壳;炮击','[5el]',2403),('shelter','n. 掩蔽处,躲避处;住所;掩蔽,保护 vt. 掩蔽,庇护 vi. 躲避','[\'5elt4]',2404),('shield','n. 防护物,护罩,盾(状物) vt. 保护,防护','[5i:ld]',2405),('shift','v. 移动,转移;改变,转变 n. 转换,转变;(轮或换)班','[5ift]',2406),('shiver','vi. /n. 战栗,发抖','[\'5iv4]',2407),('shock','n. 震动,冲击;震惊,惊愕;休克;电震,电击 v. (使)震惊','[53k]',2408),('shortage','n. 不足,缺少','[\'53:tid9]',2409),('shortcoming','n. 短处,缺点','[\'53:t`k8mi6]',2410),('shortly','adv. 立刻,不久;不耐烦地','[\'53:tli]',2411),('shower','n. 淋浴(器);阵雨,暴雨;大批 v. 洗淋浴;下阵雨;倾注','[\'52u4]',2412),('shrink','vi. 起皱,收缩;退缩,畏缩 vt. 使起皱,使收缩','[5ri6k]',2413),('shrug','v. /n. 耸肩(表示冷漠、怀疑等)','[5r8g]',2414),('sideways','adv./adj. 斜着(的),侧身(的);在一边 (的);从(向)一边(的)','[\'s2idweiz]',2415),('sigh','n. 叹息(声) vi. 叹息,叹气','[s2i]',2416),('sightseeing','n. 观光,游览','[\'s2itsi:i6]',2417),('sign','n. 标记,符号;招牌;征兆,迹象 v. 签(名),签署','[s2in]',2418),('signal','n. 信号,暗号;标志,表示 vt. 向…发信号;标志 vi. 发信号a. 显著的,重大的','[\'sign4l]',2419),('signature','n. 签名,署名,签字','[\'sign4t54]',2420),('significance','n. (U)意义,含义;重要性,重大','[sig\'nifik4ns]',2421),('significant','adj. 相当数量的;重要的,意义重大的;意味深长的','[sig\'nifik4nt]',2422),('similar','adj. 相似的,类似的','[\'simil4, \'sim4l4]',2423),('similarly','adv. 相似地,类似地','[\'simil4li]',2424),('simplicity','n. (U)简单,简易;朴素','[sim\'plisiti]',2425),('simplify','vt. 简化;使简明','[\'simplif2i]',2426),('sin','n. 罪,罪孽 vi. 违犯戒律,犯过失','[sin]',2427),('sincere','adj. 诚挚的,真诚的,诚恳的','[sin\'si4]',2428),('single','adj. 单个的;未婚的;单人的;单程的 n. 单程票;(pl.)(比赛)单打','[\'si6g4l]',2429),('singular','adj. 单数的;非凡的,突出的,奇特的','[\'si6gjul4]',2430),('sink','n. 水槽,水池 v. (使)下沉, (使)降低','[si6k]',2431),('site','n. 位置,场所,地点 vt. 使坐落在,设置','[s2it]',2432),('situation','n. 形势,环境,状况;位置,地点','[`sit5u\'ei54n, `sit5u\'ei54n]',2433),('sixteen','num.十六，十六个','[\'siks\'ti:n]',2434),('sixty','num.六十，六十个','[\'siksti]',2435),('skate','n. 冰鞋v. 溜冰,滑冰','[skeit]',2436),('sketch','n. 略图,草图;梗概,大意;素描,速写 vt. 绘…的略图,画…的素描(或速写);概述,简述','[sket5]',2437),('ski','n. 滑雪板vi. 滑雪','[ski:]',2438),('skilled','adj. 有技能的,熟练的;需要技能的','[skild]',2439),('skillful','adj. 灵巧的,娴熟的','[\'skilf4l]',2440),('skim','vt. 撇(去);掠过,擦过;浏览,略读 vi. 浏览,略读','[skim]',2441),('slam','vt. 砰地关上;猛力拉/扔,砰地放下;猛烈抨击 vi. (门、窗等)砰地关上 n. 砰的一声','[sl1m]',2442),('slap','vt. 掴,拍,掌击;啪的一声(用力)放 n. 掴,掌击,拍','[sl1p]',2443),('sleeve','n. 袖子','[sli:v]',2444),('slender','adj. 苗条的,修长的;微薄的,不足的,微弱的','[\'slend4]',2445),('slice','n. 薄片,切片;一份,部分 vt. 切(片),削','[sl2is]',2446),('slide','v. (使)滑动,(使)下滑;(使)悄悄地移动 n. 滑动,下滑;滑道,滑面;幻灯片','[sl2id]',2447),('slight','adj. 轻微的,不足道的;纤细的,瘦弱的 vt. /n. 轻视,藐视','[sl2it]',2448),('slim','adj. 苗条的;薄的;(机会)少的,小的 v. 减轻体重,变苗条','[slim]',2449),('slip','vi. 滑(倒),滑落;溜走;下降,跌落 vt. 悄悄放进 n. 疏漏,差错','[slip]',2450),('slippery','adj. 滑的;油滑的,狡猾的,不可靠的','[\'slip4ri]',2451),('slope','n. 斜坡,斜面;倾斜,斜度 v. (使)倾斜','[sl4up]',2452),('smash','vt. 粉碎,打烂;狠打,猛击;使破灭,使失败 vi. 碎裂,粉碎;猛撞,猛冲 n. 破碎(声);猛击,猛撞;轰动的演出,巨大的成功','[sm15]',2453),('smooth','adj. 光滑的;平稳的;顺利的;圆滑的 vt. 弄平,使平整;消除','[smu:0]',2454),('snap','v. 喀嚓折断;吧嗒一声;猛咬;(at)厉声说话 n. 吧嗒声;快照;adj. 仓促的,突然的','[sn1p]',2455),('soak','v. 浸泡;(使)湿透,渗透','[s4uk]',2456),('soar','vi. 猛增,剧增;高飞,升腾;(情绪,期望等)高涨;高耸,屹立','[s3:]',2457),('so-called','adj. 所谓的,号称的','[\'s4u\'k3:ld]',2458),('soccer','n.足球','[\'s3k4]',2459),('social','adj. 社会的;交际的,社交的','[\'s4u54l]',2460),('socialism','n. (U)社会主义','[\'s4u54liz4m]',2461),('soda','n. 苏打水,汽水;(U)苏打,碳酸钠','[\'s4ud4]',2462),('sofa','n. (长)沙发','[\'s4uf4]',2463),('software','n. (U)软件','[\'s3ftwe4]',2464),('soil','n. 泥土,土地,土壤 vt. 弄脏','[s3il]',2465),('solar','adj. 太阳的,日光的;(利用)太阳能的','[\'s4ul4]',2466),('sole','adj. 单独的,惟一的;独有的 n. 脚底,鞋底,袜底','[s4ul]',2467),('solemn','adj. 严肃的;庄严的,隆重的','[\'s3l4m]',2468),('solution','n. 解决;解答,解决办法;溶液','[s4\'lu:54n]',2469),('solve','vt. 解决,解答','[s3lv]',2470),('somehow','adv. 以某种方式,用某种方法;不知怎么地','[\'s8mh2u]',2471),('sometime','adv. 将来(或过去)某个时候 adj. 以前的','[\'s8mt2im]',2472),('somewhat','adv. 稍微,有点','[\'s8mw3t]',2473),('sophisticated','adj. [人]老于世故的,老练的,精 通的;[物]精密的,尖端的,复杂的;高雅的,有教养的','[s4\'fistikeitid]',2474),('sore','adj. 疼痛的,痛苦的;恼火的;极度的,剧烈的 n. 痛处,疮口','[s3:]',2475),('sorrow','n. (U)悲哀,悲痛;伤心事,不幸的事','[\'s3r4u]',2476),('sort','n. 种类,类别;某一种人,某一类人 vt. 分类,整理','[s3:t]',2477),('sound','n. 声音 v. 使发声;听起来 adj. 正确的;彻底的 ad. 充分地','[s2und]',2478),('sour','adj. 酸的,酸味的;馊的,酸臭的;乖戾的,尖酸刻薄的 v. (使)变酸;(使)变得乖戾','[s2u4]',2479),('source','n. 源(泉),发源地;来源,出处','[s3:s]',2480),('southeast','n.东南(方)，东南部；adv.向东南；adj.东南方的，东南部的，来自东南的','[`sau7\'i:st]',2481),('southwest','n.西南(方)，西南部；adv.向西南；adj.西南方的，西南部的，来自西南的','[`sau7\'west]',2482),('sow','vt. 播(种)','[s2u]',2483),('spacecraft','n. 航天器,宇宙飞船','[\'speiskra:ft]',2484),('spade','n.锹，铲子','[speid]',2485),('span','n. 一段时间;跨距,跨度 vt. 持续,贯穿,包括;横跨,跨越','[sp1n]',2486),('spare','adj. 备用的;空闲的 vt. 省出;饶恕;免去;节约 n. 备件,备用品','[spe4]',2487),('spark','n. 火花,火星 vi. 发出火花 vt. (off)触发,引起','[spa:k]',2488),('speaker','n. 说话者,演讲者;扬声器','[\'spi:k4]',2489),('specialist','n. 专家','[\'spe54list]',2490),('specialize','vi. (in) 专门研究,专攻','[\'spe54l2iz]',2491),('species','n. 种,类','[\'spi:5i:z]',2492),('specific','adj. 特定的,特有的;明确的,具体的 n. (pl.)详情,细节','[spi\'sifik]',2493),('specifically','adv. 特别地;明确地,具体地','[spi\'sifik4li]',2494),('specify','vt. 明确说明,具体指定','[\'spesif2i]',2495),('specimen','n. 标本,样本','[\'spesim4n]',2496),('spectacular','adj. 壮观的,引人注目的 n. 壮观的演出,惊人之举','[spek\'t1kjul4]',2497),('speculate','v. 推测,推断;投机,做投机买卖','[\'spekjuleit]',2498),('spelling','n. 拼写,拼法','[\'speli6]',2499),('sphere','n. 球(体);范围,领域','[sfi4]',2500),('spider','n.蜘蛛','[\'spaid4]',2501),('spill','v. (使)溢出,(使)洒落 n. 溢出','[spil]',2502),('spin','vi. 旋转;晕眩;纺(纱),织(网) vt. 使旋转;绞干,(用洗衣机等)甩干 n. 旋转,自转','[spin]',2503),('spirit','n. 精神;灵魂,幽灵;气概;情绪,心情;(pl.)酒精,烈酒','[\'spirit]',2504),('spiritual','adj. 精神(上)的;宗教(上)的','[\'spirit5u4l]',2505),('spit','vi. 吐唾沫(或痰) vt. 吐出 n. 唾液,唾沫','[spit]',2506),('spite','n. (U)恶意,怨恨','[sp2it]',2507),('splendid','adj. 极好的;壮观的,豪华的,辉煌的','[\'splendid]',2508),('split','vi. 分裂,分离;被撕裂,裂开 vt. 使分裂;劈开,撕裂;','[split]',2509),('spoil','vt. 损坏,破坏;宠坏,溺爱 vi. (食物)变质;','[sp3il]',2510),('spokesman','n. 发言人','[\'sp4uksm4n]',2511),('sponsor','n. 发起者,主办者,赞助者 vt. 发起,主办;资助,赞助;支持','[\'sp3ns4]',2512),('spoon','n. 匙,调羹 vt. 用匙舀','[spu:n]',2513),('sport','n. 运动;(pl.)运动会','[sp3:t]',2514),('sportsman','n. 运动员','[\'sp3:tsm4n]',2515),('spot','n. 地点,处所;斑点,污点;少量 vt. 认出,发现;玷污','[sp3t]',2516),('spray','v. 喷,(使)溅散 n. 浪花,水花,飞沫;喷雾','[sprei]',2517),('spread','v. 展开;散布;涂,敷 n. 传播;范围;酱;整版的文章','[spred]',2518),('spring','n. 春天;弹簧,发条;泉;跳 v. 跳,突然行动;涌现;突然提出','[spri6]',2519),('spur','n.刺激(物),激励;vt.激励,鞭策,促进','[sp4:]',2520),('square','adj. 正方形的 n. 正方形;广场;平方 v. 求平方;结清;成平局','[skwe4]',2521),('squeeze','vt. 挤,挤出;压榨,榨取;捏,握 vi. 挤,挤入,挤过 n. 挤;紧(手);拮据,紧缺','[skwi:z]',2522),('stable','adj. 稳定的,稳固的;沉稳的 n. 马厩,马棚','[\'steib4l]',2523),('stack','n. 整齐的一叠(或一堆) vt. 把…叠成堆,堆放于','[st1k]',2524),('stadium','n. 体育场,运动场','[\'steidi4m]',2525),('staff','n. 全体职工,全体人员 vt. 为…配备(人员)','[sta:f]',2526),('stage','n. 阶段,时期;舞台;戏剧表演,演员职业 vt. 上演;举办,筹划','[steid9]',2527),('stain','vt. 沾污,染污,染色n. 污点,污迹','[stein]',2528),('stair','n. (pl.)楼梯;(楼梯的)梯级','[ste4]',2529),('stake','n. 桩,标桩;利害关系,股份;赌本,赌注 vt. 以…打赌,拿…冒险','[steik]',2530),('stale','adj. 不新鲜的;陈腐的,过时的','[steil]',2531),('stamp','n. 邮票,印花;图章;标志;跺脚 v. 跺脚,踩踏;盖印','[st1mp]',2532),('standard','n. 标准,规格 adj. 标准的','[\'st1nd4d]',2533),('standpoint','n. 立场,观点','[\'st1ndp3int]',2534),('stare','vi./n. 盯,凝视','[ste4]',2535),('starve','v. (使)挨饿,(使)饿死','[sta:v]',2536),('state','n. 情况,状态;国家,政府;州 vt. 说明,陈述','[steit]',2537),('statement','n. 声明,陈述;结算单,报表','[\'steitm4nt]',2538),('static','adj. 静的;静态的;静止的,停滞的 n. 静电;静力学','[\'st1tik]',2539),('station','n. (车)站,台,局 vt. 安置,派驻','[\'stei54n]',2540),('statistic','n. 统计数值,统计资料;[-s]统计学','[st4\'tistik]',2541),('statue','n. 塑像,雕像','[\'st1t5u:]',2542),('status','n. 地位,身份;情形,状况','[\'st1t4s, \'steit4s]',2543),('steady','adj. 稳的,平稳的;稳定的,持续的;稳重的,坚定的 v. (使)平稳,(使)稳定','[\'stedi]',2544),('steak','n. 牛排,肉排,鱼排','[steik]',2545),('steal','vi. 偷盗,行窃;悄悄地走 vt. 偷盗,窃取 n. 便宜货','[sti:l]',2546),('steam','n. (蒸)汽,汽雾 vi. 发出蒸汽;(火车,轮船)行驶 vt. 蒸煮','[sti:m]',2547),('steamer','n. 汽船,轮船','[\'sti:m4]',2548),('steel','n. (U)钢 vt. 使坚强','[sti:l]',2549),('steep','adj. 陡的,陡峭的;(价格等)过高的;急剧的(上升或下降) vt. 浸泡,沉浸','[sti:p]',2550),('steer','vt. 驾驶,为…操舵;引导 vi. 驾驶','[\'sti4]',2551),('stem','n. 茎,干;词干 vi. 起源于 vt. 堵住,止住,抑止','[stem]',2552),('stick','n. 棍,手杖 v. 刺,戳,插;粘住,卡住;留下,长久保留','[stik]',2553),('sticky','adj. 粘的,粘性的;(天气)湿热的;困难的,棘手的','[\'stiki]',2554),('stiff','adj. 硬的,僵直的;不灵活的;拘谨的,生硬的;艰难的,费劲的;(风等)强烈的adv. 极其,非常;僵硬地','[stif]',2555),('stimulate','vt.刺激,激励','[\'stimjuleit]',2556),('sting','vi. 刺,蜇,叮;感到剧痛 vt. 刺,蜇,叮;刺痛,使痛苦;激怒 n. (昆虫)蜇刺;刺痛,剧痛','[sti6]',2557),('stir','vt. 搅动,搅拌;使激动;激起,打动 vi. 激动;(某种感情)产生 n. 搅拌,搅动;激动,骚乱','[st4:]',2558),('stock','n. 备料,库存,现货;股票,公债;世系,血统;汤汁;','[st3k]',2559),('stocking','n. (pl.)长袜','[\'st3ki6]',2560),('stoop','vi. 弯腰,俯身;(to)堕落到,降低身份(做某事) n. 弯腰,曲背','[stu:p]',2561),('storage','n. (U)贮存,保管;存储','[\'st3:rid9]',2562),('stove','n. 炉子,火炉','[st4uv]',2563),('strain','n. 拉紧,绷紧;过劳,极度紧张;张力;扭伤,拉伤 v. 扭伤,拉伤;尽力使用,使紧张;拉紧,绷紧 vi. 尽力,努力','[strein]',2564),('strap','n. 带,皮带 vt. 用带扣住;束牢,捆扎;用绷带包扎','[str1p]',2565),('strategic','adj. 对全局有重要意义的,关键的;战略(上)的','[str4\'ti:d9ik]',2566),('strategy','n. 战略,策略','[\'str1tid9i]',2567),('straw','n. (U)稻草,麦杆;吸管','[str3:]',2568),('stream','n. 小河,溪流;流,一股,一串 vi. 流(出),涌(出)','[stri:m]',2569),('strengthen','vt. 加强,巩固','[\'stren74n]',2570),('stress','n. 压力,紧张;强调,重要性;应力;重音 vt. 强调,着重,重读','[stres]',2571),('stretch','vi. 伸展,延伸,延续 vt. 拉长,拉紧,伸展;使倾注全力,使紧张 n. 一段时间,一段路程,连绵的一片;伸展,延伸,延续','[stret5]',2572),('strike','v. 使突然想到;打;侵袭;给深刻印象;罢工;报时 n. 罢工;袭击','[str2ik]',2573),('striking','adj. 显著的,突出的;惹人注目的,容貌出众的','[\'str2iki6]',2574),('string','n. 弦,线,细绳;一串,一行 vt. 用线串;(用线)悬挂,系住','[stri6]',2575),('strip','vi. 脱光衣服 vt. 剥去,脱去…的衣服;剥夺,夺走;','[strip]',2576),('stripe','n. 条纹','[str2ip]',2577),('stroke','n. 中风;一举,一次努力;划桨,划水;击,敲;报时的钟声;笔划,一笔;抚摸 vt. 抚摸','[str4uk]',2578),('structure','n. 结构,构造;建筑物 vt. 构造,建造','[\'str8kt54]',2579),('struggle','vi. 奋斗,努力;斗争,搏斗 n. 斗争,搏斗;奋斗,努力','[\'str8gl]',2580),('studio','n. 画室,摄影室;播音室,录音室,摄影棚','[\'stju:di4u]',2581),('stuff','n. 原料,材料,东西 vt. 填进,填满,塞满;让…吃饱','[st8f]',2582),('style','n. 风格,文体;式样,类型;流行式样,时尚 vt. (根据新款式)设计','[st2il]',2583),('subject','n. 主题;学科;对象;主语 adj. 受支配的 vt. 使服从;使遭受','[\'s4b\'d9ekt, \'s8bd9ikt]',2584),('submerge','vi. 潜入水中 vt. 浸没,淹没','[s4b\'m4:d9]',2585),('submit','vi. 屈服,听从 vt. 呈送,提交;主张,建议','[s4b\'mit]',2586),('subsequent','adj. 随后的,后来的','[\'s8bsikw4nt]',2587),('substance','n. 物质;实质;大意,要旨;根据,理由','[\'s8bst4ns]',2588),('substantial','adj. 可观的,大量的;牢固的,结实 的;实质的,真实的','[s4b\'st1n54l]',2589),('substitute','n. 代用品,代替者 vt. 代替,代以 vi. 代替,取代','[\'s8bstitju:t]',2590),('subtract','vt. 减(去)','[s4b\'tr1kt]',2591),('suburb','n. 市郊,郊区','[\'s8b4:b]',2592),('subway','n. 地铁;地下过道,地道','[\'s8bwei]',2593),('succeed','vi. 成功;接着发生;继承 vt. 接在…后面;接替','[s4k\'si:d]',2594),('successful','adj. 成功的,有成就的','[s4k\'sesf4l]',2595),('succession','n. 连续,接续;一连串,一系列;接替,继任','[s4k\'se54n]',2596),('successive','adj. 接连的,连续的','[s4k\'sesiv]',2597),('suck','v. 吸,吮','[s8k]',2598),('sudden','adj. 突然的,意外的','[\'s8dn]',2599),('suffer','vt. 遭受;忍受,承受,容忍 vi. 受痛苦,患病;受损,变糟','[\'s8f4]',2600),('sufficient','adj. 足够的,充分的','[s4\'fi54nt]',2601),('suggest','vt. 建议,提议;使人想起,暗示','[s4\'d9est]',2602),('suggestion','n. 建议,意见;细微的迹象;暗示,联想','[s4\'d9est54n]',2603),('suicide','n. 自杀;自取灭亡','[\'su:is2id, \'sju:is2id]',2604),('suit','n. 一套衣服(或西服);起诉,诉讼 vt. 适合,合适;中…的意','[su:t, sju:t]',2605),('suitable','adj. 合适的,适宜的','[\'su:t4b4l]',2606),('sum','n. 总数,总和;金额;算术 vi. 共计','[s8m]',2607),('summarize','vt. 总结,概括','[\'s8m4raiz]',2608),('summary','n. 摘要,概要adj. 即刻的,立即的','[\'s8m4ri]',2609),('summit','n. (山等的)最高点,顶峰;最高级会议;顶峰,极点','[\'s8mit]',2610),('sunlight','n. 日光,阳光','[\'s8nl2it]',2611),('sunny','adj. 阳光充足的;乐观的,快乐的','[\'s8ni]',2612),('sunrise','n. 日出,拂晓;朝霞','[\'s8nr2iz]',2613),('sunset','n. 日落,傍晚;晚霞','[\'s8nset]',2614),('sunshine','n. (U)日光,日照','[\'s8n52in]',2615),('superb','adj. 极好的,高质量的','[su:\'p4:b]',2616),('superficial','adj. 肤浅的,浅薄的;表面的','[`su:p4\'fi54l]',2617),('superior','adj. 上级的,较高的;较好的,优于…的; 优良的,卓越的;有优越感的,高傲的 n. 上级,长官','[su:\'pi4ri4]',2618),('supermarket','n. 超级市场','[\'su:p4`ma:kit]',2619),('supplement','n. 增补(物),补充(物);增刊, 副刊 vt. 增补,补充','[\'s8plim4nt, \'s8pliment]',2620),('supply','n. 供应(量);(pl.)存货,必需品 vt. 供给;满足(需要),弥补','[s4\'pl2i]',2621),('support','vt. 支持;支撑;供养;证实 n. 支持,资助;支撑,支撑物;支持者','[s4\'p3:t]',2622),('suppose','vt. 猜想,料想,以为;让,假定,假设;期望,认为应该','[s4\'p4uz]',2623),('supreme','adj. 最高的,至上的;极度的,最重要的','[sju:\'pri:m, su:\'pri:m]',2624),('surface','n. 表面,面;外表,外观 vi. 浮出水面;浮现,显露','[\'s4:fis]',2625),('surgery','n. 外科,外科手术;手术室','[\'s4:d94ri]',2626),('surplus','n. 过剩,剩余,盈余;adj. 过剩的,多余的','[\'s4:pl4s]',2627),('surrender','vi. 投降;屈服(于),让步 vt. 交出,放弃 n. 投降,放弃','[s4\'rend4]',2628),('surround','vt. 包围;环绕,围绕','[s4\'r2und]',2629),('surrounding','n. (pl.)环境,周围事物','[s4\'r2undi6]',2630),('survey','vt. /n. 调查,查勘;测量,勘测;全面审视,概括论述','[\'s4:vei]',2631),('survival','n. 幸存,继续生存;幸存者,残存物','[s4\'vaiv4l]',2632),('survive','vi. 活下来,幸存,继续存在 vt. 从…中逃出,幸免于;从(困境)中挺过来;比…活得长','[s4\'v2iv]',2633),('suspect','vt. 疑有,推测;对…表示怀疑(或 不信任) n. 嫌疑犯,可疑分子;adj. 可疑的,不可信的','[s4\'spekt, \'s8spekt]',2634),('suspend','vt. 暂停,中止;悬,挂,吊','[s4\'spend]',2635),('suspicion','n. 怀疑,涉嫌;一点儿,少量','[s4\'spi54n]',2636),('sustain','vt. 保持,使持续下去;供养,维持(生命等);支持,支撑;经受,遭受','[s4\'stein]',2637),('swallow','vt. 吞,咽;轻信,轻易接受;承受,使不流露 vi. (因恐惧等)咽一下口水 n. 燕子;吞,咽','[sw3l4u]',2638),('sway','vi. 摇摆,动摇 vt. 使摇摆,使摇动;使改变看法,使动摇 n. 摇摆,摇动;起支配作用的影响','[swei]',2639),('swear','v. 诅咒,咒骂;宣誓,发誓','[swe4]',2640),('sweat','vi. 出汗,流汗 n. 汗,汗水','[swet]',2641),('sweater','n. 针织套衫,羊毛套衫','[\'swet4]',2642),('sweep','v. 扫,拂;掠过;使快速移动 n. 打扫;(手臂等的)挥动','[swi:p]',2643),('swell','vi. 肿胀,膨胀,鼓起;增强,增多,扩大;','[swel]',2644),('swift','adj. 迅速的,速度快的;敏捷的,反应快的','[swift]',2645),('swing','v. (使)摇摆,(使)摇荡;(使)旋转;(使)突然转向 n. 摆动,摇摆;秋千','[swi6]',2646),('Swiss','adj. 瑞士的; n. 瑞士人','[swis]',2647),('switch','v. 转变,改变,转换 n. 电闸,开关;转变,转向','[swit5]',2648),('sword','n. 剑,刀','[s3:d]',2649),('symbol','n. 符号,标志;象征','[\'simb4l]',2650),('sympathetic','adj. 同情的,体谅的;(to)赞同的,支持的;和谐的,合意的','[`simp4\'7etik]',2651),('sympathize','vi. 同情,怜悯;体谅,赞同','[\'simp47aiz]',2652),('sympathy','n. (U)同情,同情心;(pl.)(思想感情上的)支持,赞同','[\'simp47i]',2653),('symptom','n. 症状;症候,征兆','[\'simpt4m]',2654),('synthetic','adj. 合成的,人造的;虚假的','[sin\'7etik]',2655),('system','n. 系统,体系;制度,体制;方法,做法;身体','[\'sist4m]',2656),('systematic','adj. 有系统的,系统化的','[`sisti\'m1tik]',2657),('systematical','adj. 有系统的,系统化的;有计划有步骤的','[`sisti\'m1tik4l]',2658),('tackle','vt. 对付,处理;与…交涉;(足球等比赛中)阻 截,擒抱 n. 阻截,擒抱;(U)用具,钓具;(U)辘轳,滑车(组)','[\'t1k4l]',2659),('tag','n. 标签,标牌 vt. 给…加上标签','[t1g]',2660),('tale','n. 故事,传说','[teil]',2661),('talent','n. 才能,天资;人才','[\'t1l4nt]',2662),('tame','adj. 驯服的,温顺的;沉闷的,乏味的 vt. 制服,控制并利用;驯化,驯服','[teim]',2663),('tank','n. 油(或水)箱,罐,槽;坦克','[t16k]',2664),('tap','n. 塞子,龙头;轻拍;窃听 v. 利用,开发;轻叩,轻拍;窃听','[t1p]',2665),('target','n. 目标,对象,靶子 vt. 瞄准','[\'ta:git]',2666),('task','n. 任务,工作,作业','[ta:sk]',2667),('taste','n. 滋味;口味;兴趣 vt. 尝到;体验;尝起来','[teist]',2668),('tax','n.  税(款);负担 vt. 对…征税;使负重担,使费尽力气','[t1ks]',2669),('technical','adj. 技术的,工艺的','[\'teknik4l]',2670),('technician','n. 技术员,技师','[tek\'ni54n]',2671),('technique','n. 技术,技能;技巧,手艺','[tek\'ni:k]',2672),('technology','n. 技术,工艺','[tek\'n3l4d9i]',2673),('tedious','adj. 乏味的,单调的,冗长的','[\'ti:di4s]',2674),('teenager','n. 青少年','[\'ti:neid94]',2675),('telegram','n. 电报','[\'teligr1m]',2676),('telegraph','n. 电报,电报机','[\'teligra:f]',2677),('telephone','n. 电话(机)','[\'telif4un]',2678),('telescope','n. 望远镜','[\'telisk4up]',2679),('television','n. 电视(机)','[\'teli`vi94n]',2680),('temper','n. 脾气,情绪;韧度 vt. 调和,使缓和;使回火','[\'temp4]',2681),('temperature','n. 温度,体温;热度,发烧','[\'temp4r4t54]',2682),('temple','n. 庙宇,神殿,寺院','[\'temp4l]',2683),('temporary','adj. 暂时的,临时的','[\'temp4r4ri]',2684),('temptation','n.引诱,诱惑','[temp\'tei54n]',2685),('tend','vi. (to/toward)易于,往往会;趋向,倾向 vt. 照看,护理','[tend]',2686),('tendency','n. 倾向,趋势','[\'tend4nsi]',2687),('tender','adj. 嫩的;疼痛的,一触即痛的;温柔的 vt. (正式)提出 vi. 投标 n. 投标','[\'tend4]',2688),('tense','adj. 紧张的;拉紧的,绷紧的 v. (使)拉紧,(使)绷紧','[tens]',2689),('tension','n. 紧张,紧张状态;拉紧,绷紧;张力,拉力','[\'ten54n]',2690),('tent','n. 帐篷','[tent]',2691),('term','n. 措辞;期限;学期;(pl.)条款;(pl.)关系 vt. 把…称为,把…叫作','[t4:m]',2692),('terminal','adj. 晚期的,不治的;末端的,终点的,极限的 n. 终点,终点(站),末端;(计算机)终端;接线端','[\'t4:min4l]',2693),('terrible','adj. 极度的,厉害的;可怕的,骇人的;很糟的,极坏的','[\'ter4b4l]',2694),('terrific','adj. 极好的,非常的,极度的','[t4\'rifik]',2695),('territory','n. 领土,版图;领域,范围','[\'terit4ri]',2696),('terror','n.①恐怖,恐怖活动②引起恐怖的人(或事)','[\'ter4]',2697),('textbook','n. 教科书,课本','[\'tekstbuk]',2698),('textile','n. 纺织品','[\'tekst2il]',2699),('theatre','n. 戏院,剧场;戏剧(界);手术室;场所,战区,战场','[\'7i4t4]',2700),('theme','n. 主题,题目','[7i:m]',2701),('theoretical','adj. 理论(上)的','[7i4\'retik4l]',2702),('theory','n. 理论,原理;学说;意见,看法','[\'7i4ri]',2703),('therapy','n. 治疗,理疗','[\'7er4pi]',2704),('thereby','adv. 因此,从而','[\'0e4b2i]',2705),('thermometer','n. 温度计','[74\'m3mit4]',2706),('thief','n. 贼,小偷','[7i:f]',2707),('thirst','n. 渴,干渴;渴望,渴求 vi. 渴望,渴求','[74:st]',2708),('thirsty','adj. 口渴的;渴望的,渴求的','[\'74:sti]',2709),('thorough','adj. 彻底的,完全的;仔细周到的,精心的','[\'78r4u, \'78r4]',2710),('thought','n. 想法;思想活动,思维,思考;关心,注意;思想,思潮','[73:t]',2711),('thoughtful','adj. 沉思的,思考的;体贴的,关心的','[\'73:tf4l]',2712),('thread','n. 线,细丝;线索,思路;螺纹 vt. 穿(针,线等);穿过,通过','[7red]',2713),('threat','n. 威胁,恐吓;凶兆,征兆','[7ret]',2714),('threaten','vt. 威胁,恐吓;预示(危险)快要来临,是…的征兆 vi. 构成威胁,可能发生','[\'7retn]',2715),('thrive','vi. 兴旺,繁荣','[7r2iv]',2716),('throat','n. 咽喉,嗓子','[7r4ut]',2717),('throughout','prep. 遍及,贯穿 adv. 到处;自始至终,贯穿全部地','[7ru:\'2ut]',2718),('thrust','vt. 插,挤,推;戳,刺 vi. (at)戳,刺 n. 戳,刺;(U)要点,要旨;推力','[7r8st]',2719),('thumb','n. 拇指v. 示意要求搭车;迅速翻阅','[78m]',2720),('thunder','n. (U)雷,雷声;雷鸣般响声,轰隆声 vi. 打雷,轰隆响;大声喊,吼 vt. 大声喊出,吼出','[\'78nd4]',2721),('tide','n. 潮,潮汐;潮流,趋势','[t2id]',2722),('tidy','adj. 整洁的,整齐的 v. (使)整洁,(使)整齐','[\'t2idi]',2723),('tie','vt. 捆;使关联 vi. 不分胜负 n. 领带;(pl.)纽带;束缚,牵连;平局','[t2i]',2724),('tiger','n. 虎','[\'t2ig4]',2725),('tight','adj. 紧贴的;牢固的;(时间等)紧的;密封的 adv. 紧紧地,牢牢地','[t2it]',2726),('timber','n. 木材,原木;大木料,栋木','[\'timb4]',2727),('timetable','n. 时间表,时刻表','[\'t2im`teib4l]',2728),('tin','n. (U)锡;罐头','[tin]',2729),('tip','n. 末端,尖端;小费;指点;小费 v. 使倾斜;倒;给小费','[tip]',2730),('tire','n. 轮胎 v. (使)疲劳,(使)厌倦','[\'t2i4]',2731),('tired','adj. 疲劳的,厌倦的,厌烦的','[\'t2i4d]',2732),('tissue','n. 组织;薄纱,薄纸,手巾纸','[\'ti5u:]',2733),('title','n. 题目,标题;称号,头衔;权益,权利','[\'t2itl]',2734),('toast','n. 烤面包,吐司;祝酒,祝酒辞 vt. 烘,烤;向…祝酒,为…干杯','[t4ust]',2735),('tobacco','n. 烟草,烟叶','[t4\'b1k4u]',2736),('toe','n. 脚趾,足尖(部)','[t4u]',2737),('toilet','n. 厕所,盥洗室','[\'t3ilit]',2738),('tolerance','n. 宽容,容忍;忍耐(力)','[\'t3l4r4ns]',2739),('tolerate','vt. 容许,承认;容忍,忍受','[\'t3l4reit]',2740),('ton','n. 吨;(常pl.)大量,许多','[t8n]',2741),('tone','n. 腔调,语气;音,音调,声调;风格,气度;色调,明暗 vt. (up)增强','[t4un]',2742),('topic','n. 话题,题目,主题','[\'t3pik]',2743),('torch','n. 手电筒;火炬,火把','[t3:t5]',2744),('torture','n. /vt. 拷问,折磨','[\'t3:t54]',2745),('tough','adj. 困难的,难对付的;坚强的;坚韧的,牢固的;强硬的,严格的;(肉等食物)老的,硬的;粗暴的','[t8f]',2746),('tour','v./n. 游历,旅行','[tu4]',2747),('towel','n. 毛巾','[\'t2u4l]',2748),('tower','n. 塔,高楼 vi. 高于,优于','[\'t2u4]',2749),('trace','vt. 查出,找出;追溯,探索;描摹 n. 痕迹,踪迹;微量,少许','[treis]',2750),('track','n. 小路;跑道;轨道;(pl.)足迹,车辙,踪迹 vt. 跟踪,追踪','[tr1k]',2751),('tractor','n. 拖拉机,牵引车','[\'tr1kt4]',2752),('tradition','n. 传统,惯例','[tr4\'di54n]',2753),('traffic','n. 流动的车辆或行人,交通(量);(非法)交易 vi. (非法)交易','[\'tr1fik]',2754),('tragedy','n. 惨事,灾难;悲剧;(U)悲剧艺术','[\'tr1d9idi]',2755),('trail','vi. 拖,下垂;(比赛等中)输,失败 vt. 跟踪,追踪 n. 小路,小径;痕迹,足迹,踪迹','[treil]',2756),('training','n. 训练,培养','[\'treini6]',2757),('transfer','vt. 搬,转移;调动,转学;转让,过户 vi. 迁移,转 移;调动,转学;转车,换乘 n. 转移,调动;转车,换乘','[tr1ns\'f4:]',2758),('transform','vt. 使改观,改革;变换,把…转换成','[tr1ns\'f3:m]',2759),('translate','v. 翻译','[tr1nz\'leit]',2760),('translation','n. 翻译,译;译文,译本','[tr1ns\'lei54n]',2761),('transmission','vt. 播送,发射;传送,传递,传染','[tr1nz\'mi54n, tr1ns`]',2762),('transmit','vt. 播送,发射;传送,传递,传染','[tr1nz\'mit]',2763),('transparent','adj. 透明的;显然的,清楚的','[tr1ns\'pe4r4nt]',2764),('transport','vt. 运输,运送 n. 运输,运输系统,运输工具','[tr1n\'sp3:t]',2765),('trap','n. 陷阱,捕捉器;圈套,诡计;困境 vt. 设陷阱捕捉;使中圈套,使陷于困境','[tr1p]',2766),('trash','n. (U)垃圾,废物;拙劣的文学(或艺术)作品;','[tr15]',2767),('travel','n. (U)旅行 v. 旅行;行进,被传播;走过,驶过','[\'tr1v4l]',2768),('tray','n. 盘,托盘,碟','[trei]',2769),('treasure','n. 金银财宝,财富;(pl.)珍品,珍藏品 vt. 珍视,珍爱','[\'tre94]',2770),('treat','vt. 对待;医疗,医冶;款待,招待(客人) n. 款待,招待;乐事','[tri:t]',2771),('treatment','n. 治疗;疗法;对待,待遇,处理','[\'tri:tm4nt]',2772),('treaty','n. 条约,协定','[\'tri:ti]',2773),('tremble','vi. 颤抖,哆嗦;摇晃,摇动;担心,焦虑n. 颤抖,哆嗦;摇晃','[\'trembl]',2774),('tremendous','adj. 巨大的,极大的;精彩的,了不起的','[tri\'mend4s]',2775),('trend','n. 趋向,趋势,倾向;时新款式,时尚','[trend]',2776),('trial','n. 审判,审讯;试用,试验;讨厌的人(或事物)','[\'tr2i4l]',2777),('triangle','n. 三角,三角形','[\'tr2i16g4l]',2778),('trick','n. 诡计,花招,骗术;窍门,决窍;戏法,把戏 vt. 欺诈,哄骗','[trik]',2779),('trim','vt. 修剪,整修;削减,删减;装饰;adj. 苗条的,修长的;整齐的,整洁的 n. 修剪,整修','[trim]',2780),('triumph','n. 胜利,成功;(胜利或成功的)喜悦 vi. 获胜,得胜,成功','[\'tr2i4mf]',2781),('troop','n. (pl.)部队,军队;一群,一队,(一)大批 vi. 成群结队而行','[tru:p]',2782),('tropical','adj. 热带的,炎热的','[\'tr3pik4l]',2783),('trouble','n. 困难;疾病,故障;(pl.)纠纷 v. 使烦恼;麻烦,费神','[\'tr8b4l]',2784),('troublesome','adj. 令人烦恼的,讨厌的,麻烦的','[\'tr8b4ls4m]',2785),('trousers','n. (pl.)裤子','[\'tr2uz4z]',2786),('truly','adv. 真实地;忠实地','[\'tru:li]',2787),('trumpet','n. 喇叭,小号 vt. 大声宣告,鼓吹','[\'tr8mpit]',2788),('trunk','n. 树干,躯干;(大)旅行箱,(汽车后部)行李箱;象鼻','[tr86k]',2789),('trust','n. (U)信任;受托物;垄断企业 v. 信任,信赖;希望,确信;托付','[tr8st]',2790),('truth','n. 事实,真实,实情;真实性;真理','[tru:7]',2791),('try','vt. 试图,努力;试验;审讯;考验 n. 努力,尝试','[tr2i]',2792),('tube','n. 管,软管;地铁;电子管,显像管','[tju:b]',2793),('tune','n. 曲调,曲子;和谐,协调 vt. 为(乐器)调音;调节,调整','[tju:n, tu:n]',2794),('tunnel','n. 隧道,地道v. 挖(地道),开(隧道)','[\'t8nl]',2795),('turbine','n. 涡轮机,汽轮机','[\'t4:b2in, \'t4:rbin]',2796),('tutor','n. 导师;家庭教师,私人教师v. 当…导师,当…家庭教师','[\'tju:t4]',2797),('twin','n. 孪生儿之一,双胞胎之一;adj. 孪生的,成双的','[twin]',2798),('twist','vt. 使缠绕;转动;捻,搓;曲解;扭歪,扭伤 vi. 旋转,转身;曲折前进 n. 弯曲,曲折处;拧,旋转,扭转;转折','[twist]',2799),('typewriter','n. 打字机','[\'t2ip`r2it4]',2800),('typical','adj. (of)典型的,有代表性的','[\'tipik4l]',2801),('typist','n. 打字员','[\'t2ipist]',2802),('tyre','n. 轮胎','[\'t2i4]',2803),('ugly','adj. 难看的,丑的;可怕的,恐怖的','[\'8gli]',2804),('ultimate','adj. 极端的,最大的,最高的;最后的,最终的 n. (U)终极,顶点,极根','[\'8ltimit]',2805),('ultimately','adj. 最后,最终','[\'8ltimitli]',2806),('umbrella','n. 伞,雨伞','[8m\'brel4]',2807),('uncomfortable','adj. 不舒服的,不自在的','[8n\'k8mft4b4l]',2808),('unconscious','adj. 失去知觉的,神智不清的;未意识到的, 无意识的','[8n\'k3n54s]',2809),('uncover','vt. 揭露;打开盖子,揭去遮盖物','[8n\'k8v4]',2810),('undergo','vt. 经历,遭受','[`8nd4\'g4u]',2811),('undergraduate','n. 大学生,本科生','[`8nd4\'gr1d9uit]',2812),('underground','adj. 地(面)下的;秘密的,不公开的 adv. 在地(面)下;往地(面)下;秘密地,不公开的 n. 地铁;地下组织(或运动)','[`8nd4\'gr2und]',2813),('underline','vt. 在…下面划线;强调;使突出','[`8nd4\'l2in]',2814),('underneath','prep. 在…下面,在…底下 adv. 在下面,在底下 n. 下部,底部','[`8nd4\'ni:7]',2815),('understanding','n. 理解,(非正式)协议;(U)理解力;相互理解,融洽;adj. 体谅的,宽容的,通情达理的','[`8nd4\'st1ndi6]',2816),('undertake','vt. 承担,着手做;同事,答应,保证','[`8nd4\'teik]',2817),('undo','vt. 解开,松开;取消,撤消','[8n\'du:]',2818),('undoubtedly','adv. 无疑,必定','[8n\'d2utidli]',2819),('uneasy','adj. 心神不安的,担心的,忧虑的','[8n\'i:zi]',2820),('unexpected','adj. 想不到的,意外的','[8niks\'pektid]',2821),('unfair','adj. 不公平的,不公道的','[8n\'fe4]',2822),('unfortunate','adj. 不幸的,令人遗憾的','[8n\'f3:t5unit]',2823),('unfortunately','adv. 遗憾的是,可惜的是','[8n\'f3:t5unitli]',2824),('unhappy','adj. 不幸福的,不快乐的,不幸的','[8n\'h1pi]',2825),('uniform','n. 制服,军服 adj. 全都相同的,一律的,清一色的','[\'ju:nif3:m]',2826),('union','n. 工会,联盟;结合,联合;团结,一致','[\'ju:ni4n]',2827),('unique','adj. 惟一的,独特的,独一无二的;极不寻常的,极好的','[ju:\'ni:k]',2828),('unit','n. (工作)单位;(计量)单位;部件,元件,装置;(课本中的)单元','[\'ju:nit]',2829),('unite','v. (使)联合,(使)团结,(使)统一','[ju(:)\'n2it]',2830),('unity','n. (U)统一,团结,联合;和睦,协调','[\'ju:niti]',2831),('universal','adj. 普遍的,全体的;通用的,万能的;宇宙的,(全)世界的','[`ju:ni\'v4:s4l]',2832),('universe','n. 宇宙,万物,世界;领域,范围','[\'ju:niv4:s]',2833),('university','n. 大学','[`ju:ni\'v4:siti]',2834),('unjust','adj. 不公道的,不公平的','[8n\'d98st]',2835),('unknown','adj. 未知的,不知名的,无名的','[`8n\'n4un]',2836),('unless','conj.除非,若不','[8n\'les]',2837),('unlike','prep.不像，和...不同','[`8n\'laik]',2838),('unload','vt. 卸(货),从…卸下货物,下(客);退出(枪的)子弹,卸下(相机的)胶卷 vi. 卸货,下客','[8n\'l4ud]',2839),('unnecessary','adj. 不必要的,无用的','[8n\'nes4seri, 8n\'nes4s4ri]',2840),('unpleasant','adj. 令人不快的,讨厌的','[8n\'plez4nt]',2841),('unusual','adj. 不平常的,少有的;与众不同的,独特的','[8n\'ju:9u4l]',2842),('upper','adj. 上面的,上部的,较高的','[\'8p4]',2843),('upright','adj. 垂直的,直立的,竖立的;正直的,诚实的 adv. 挺直着,竖立着','[\'8pr2it]',2844),('upset','vt. 使…心烦意乱,使苦恼;打乱,搅乱;打翻 n. 翻倒,搅乱,不安;(肠胃等)不适;adj. 心烦的, 苦恼的;(肠胃等)不适的','[8p\'set]',2845),('upstairs','adv. 在楼上,往楼上 adj. 楼上的 n. 楼上','[\'8pste4z]',2846),('up-to-date','adj. 现代化的,最新的;跟上时代的','[8pt4\'deit]',2847),('upward','adj. 向上的,上升的 adv. 向上地,上升地','[\'8pw4d]',2848),('urban','adj. 城市的','[\'4:b4n]',2849),('urge','vt. 鼓励,激励;竭力主张,强烈要求;催促,力劝 n. 强烈的欲望,迫切的要求','[4:d9]',2850),('urgent','adj. 紧迫的,紧要的','[\'4:d94nt]',2851),('usage','n. (U)使用,用法;惯用法,习语','[\'ju:sid9]',2852),('used','adj. 习惯的,惯常的;用旧了的,旧的','[ju:zd, ju:st]',2853),('useful','adj. 有用的,有益的','[\'ju:sf4l]',2854),('useless','adj. 无用的,无价值的,无效的','[\'ju:sl4s]',2855),('user','n. 用户,使用者','[\'ju:z4]',2856),('usual','adj. 通常的,惯常的','[\'ju:9u4l, \'ju:94l]',2857),('usually','adv. 通常,平常','[\'ju:9u4li, \'ju:94li]',2858),('utility','n. 功用,效用;(常pl.)公用事业','[ju:\'tiliti]',2859),('utilize','vt. 利用','[\'ju:til2iz]',2860),('utmost','adj. 极度的,最大的 n. 极限,极度,最大可能','[\'8tm4ust]',2861),('utter','vt. 发出(声音),说;adj. 彻底的,完全的,绝对的','[\'8t4]',2862),('vacant','adj. 未被占用的,空着的;(职位、工作等)空缺 的;神情等茫然的,(心灵)空虚的','[\'veik4nt]',2863),('vacation','n. 休假,假期 vi. 度假','[v4\'kei54n, vei\'kei5(4)n]',2864),('vacuum','n. 真空;真空吸尘器v. 用吸尘器清扫','[\'v1kju4m]',2865),('vague','adj. 含糊的,不明确的,模糊的','[veig]',2866),('vain','adj. 徒劳的,无效的,不成功的;自负的,爱虚荣的','[vein]',2867),('valid','adj. 有根据的,有理的;有效的,具有法律效力的','[\'v1lid]',2868),('valley','n. 山谷,溪谷;流域','[\'v1li]',2869),('valuable','adj. 贵重的,有价值的 n. (pl.)贵重物品(尤指首饰)','[\'v1lju4b4l]',2870),('value','n. 价值,价格;(U)重要性;(pl.)价值观 vt. 重视;评价','[\'v1lju:]',2871),('van','n. 运货车,(载客的)面包车','[v1n]',2872),('vanish','vi. 突然不见,消失;不复存在,绝迹','[\'v1ni5]',2873),('vapor','n. (蒸)汽','[\'veip4]',2874),('variable','adj. 易变的,多变的;可变的;n. (pl. )变量,可变因素','[\'vA4ri4bl]',2875),('variation','n. 变化,变动;变种,变体;变奏(曲)','[`vA4ri\'ei54n]',2876),('variety','n. 品种,种类;变化,多样化','[v4\'r2i4ti]',2877),('various','adj. 不同的,各种各样的;多方面的','[\'ve4ri4s]',2878),('vary','vi. 变化,有不同,呈差异 vt. 改变,使不同','[\'ve4ri]',2879),('vast','adj. 广阔的,浩瀚的;巨大的,庞大的,大量的','[va:st, v1st]',2880),('vegetable','n. 蔬菜;植物 adj. 蔬菜的,植物的','[\'ved9t4b4l]',2881),('vehicle','n. 交通工具,车辆;传播媒介,工具,手段','[\'vi:ik4l]',2882),('velocity','n. 速度,速率','[vi\'l3siti]',2883),('venture','n. 风险投资,(商业等的)风险项目 vi. 冒险, 大胆行事 vt. 敢于,大胆表示;拿…冒险,冒…的险','[\'vent54]',2884),('verify','vt. 核实,查对;证明,证实','[\'verif2i]',2885),('version','n. 版本,译本;说法','[\'v4:54n, \'v4:r94n]',2886),('vertical','adj. 垂直的,竖的,纵向的','[\'v4:tik4l]',2887),('vessel','n. 船,舰;容器,器皿;导管,血管','[\'ves4l]',2888),('veteran','n. 老兵;经验丰富的人,老手','[\'vet4r4n]',2889),('via','prep. 经由,经过,通过','[\'v2i4]',2890),('vibrate','v. (使)振动,(使)摇摆','[\'v2ibreit, v2i\'breit]',2891),('vice','n. 缺点,弱点;邪恶(行为),道德败坏(行为)','[v2is]',2892),('victim','n. 牺牲品,受害者','[\'viktim]',2893),('victory','n. 胜利','[\'vikt4ri]',2894),('video','n. 录像,录像机adj. 录像的vt. 制作…的录像','[\'vidi4u]',2895),('view','n. (pl. )看法,见解,观点;观察,视域,眼界;景色,风景 vt. 看待,考虑,估量;观察,看','[vju:]',2896),('viewpoint','n. 观点','[\'vju:p3int]',2897),('vigorous','adj. 有力的,用力的;精力充沛的','[\'vig4r4s]',2898),('vinegar','n. 醋','[\'vinig4]',2899),('violate','vt. 违反,违背;亵渎;侵犯,妨碍','[\'v2i4leit]',2900),('violence','n. (U)暴力,强暴;猛烈,剧烈,强烈','[\'v2i4l4ns]',2901),('violent','adj. 暴力引起的,强暴的;猛烈的,剧烈的,强烈的','[\'vai4l4nt]',2902),('violet','n. 紫罗兰 adj. 紫色的','[\'v2i4l4t]',2903),('violin','n. 小提琴','[`v2i4\'lin]',2904),('virtual','adj. 实质上的,事实上的,实际上的','[\'v4:t5u4l]',2905),('virtually','adv. 事实上,实际上','[\'v4:t5u4li, \'v4:tju4li]',2906),('virtue','n. 美德,德行;优点,长处','[\'v4:t5u:]',2907),('virus','n. 病毒;病毒性疾病','[\'v2i4r4s]',2908),('visible','adj.看得见的,可见的,有形的','[\'viz4bl]',2909),('vision','n. 想象(力),幻想,幻觉;视力,视觉','[\'vi94n]',2910),('visual','adj. 视觉的,看得见的','[\'vi9u4l, \'vizju4l]',2911),('vital','adj. 生死攸关的,极其重要的;有生命的,充满生机的','[\'v2itl]',2912),('vitamin','n. 维生素','[\'vit4min, v2it4min]',2913),('vivid','adj. 生动的,栩栩如生的;鲜艳的','[\'vivid]',2914),('vocabulary','n. 词汇(量);词(汇)表','[v4\'k1bjul4ri, v4u`]',2915),('volcano','n. 火山','[v3l\'kein4u]',2916),('volleyball','n. (U)排球','[\'v3lib3:l, \'va:lib3:l]',2917),('volt','n. 伏(特)','[v4ult]',2918),('voltage','n. 电压','[\'v4ultid9]',2919),('volume','n. 卷,册,书卷;体积,容积,容量;音量,响度','[\'v3lju:m, \'v2lj4m]',2920),('voluntary','adj. 自愿的,志愿的','[\'v3l4nt4ri]',2921),('volunteer','n. 志愿者;志愿兵 vt. 自愿(做);自愿提供 vi. 自愿,志愿','[`v3l4n\'ti4]',2922),('vote','n. 票,选票;投票,选举,表决;表决结果,投票总数;','[v4ut]',2923),('voyage','n./vi. 航海,航行,旅行','[\'v3iid9]',2924),('wage','n. (常pl. )工资,报酬 vt. 开始,进行','[weid9]',2925),('wagon','n. 四轮马车,大篷车;铁路货车,客货两用车','[\'w1g4n]',2926),('waist','n. 腰,腰部','[weist]',2927),('waken','vi. 醒来vt. 唤醒','[\'weik4n]',2928),('wander','vi. 漫游,闲逛,漫步;偏离正道;走神,(神志)恍惚','[\'w3nd4]',2929),('warmth','n. (U)暖和,温暖;热烈,热情,热心','[w3:m7]',2930),('waterproof','adj. 不透水的,防水的','[\'w3:t4pru:f]',2931),('wax','n. (U)蜡,蜂蜡 vt. 给…上蜡','[w1ks]',2932),('weaken','v. (使)变弱,(使)减弱','[\'wi:k4n]',2933),('weakness','n. 虚弱,衰弱,软弱;弱点,缺点;偏好,嗜好','[\'wi:knis]',2934),('wealth','n. 财富,财产;丰富,大量','[wel7]',2935),('wealthy','adj. 富裕的','[\'wel7i]',2936),('weapon','n. 武器,兵器','[\'wep4n]',2937),('weave','v. 编,织','[wi:v]',2938),('weed','n.杂草,野草 v. 除草','[wi:d]',2939),('weekly','adj. 每周的,一周一次的 adv. 一周一次地 n. 周报,周刊','[\'wi:kli]',2940),('weep','v. (为…)哭泣,流(泪);渗出','[wi:p]',2941),('weigh','vi. 称得重量 vt. 称,称…的重量;认真考虑,权衡','[wei]',2942),('weld','v. 焊接 n. 焊接,焊缝','[weld]',2943),('welfare','n. 福利;福利救济','[\'welfe4]',2944),('westward','adj./adv.(-s)向西','[\'westw4d]',2945),('wet','adj. 湿的,潮的;雨天的,多雨的 vt. 把…弄湿,使潮湿','[wet]',2946),('whale','n. 鲸','[weil]',2947),('whatsoever','pron. (用于否定句中以加强语气)任何','[`w3ts4u\'ev4]',2948),('wheel','n. 轮,车轮 vt. (用车)推,拉 vi. 转动,旋转','[wi:l]',2949),('whereas','conj. 然而,但是,尽管','[we4r\'1z]',2950),('whether','conj.是否,会不会;不管,无论','[\'we04]',2951),('whichever','pron./adj. 无论哪个,无论哪些','[wit5\'ev4]',2952),('while','conj.当…的时候;然而;尽管 n. 一段时间 vt. (away) 消磨(时间)','[w2il]',2953),('whip','n. 鞭子 vt. 鞭打,抽打,鞭策;猛地移动;搅打(奶油,蛋等)成糊状 vi. 抽打,拍打;猛地移动','[wip]',2954),('whisky','n. 威士忌酒','[\'wiski]',2955),('whisper','v./n. 低语,耳语','[\'wisp4]',2956),('whistle','vi. 吹口哨,鸣汽笛;呼啸而过 vt. 用口哨吹出 n. 哨子,汽笛;口哨声,汽笛声','[\'wis4l]',2957),('whoever','pron. 谁;无论谁,不管谁;究竟是谁','[hu:\'ev4]',2958),('wholly','adv. 完全地,全部地','[\'h4ul`li]',2959),('wicked','adj. 邪恶的,恶劣的,缺德的;淘气的,顽皮的','[\'wikid]',2960),('widen','vt. 加宽,放宽vi. 变宽','[\'w2idn]',2961),('widespread','adj. 分布广的,普遍的','[\'w2idspred]',2962),('widow','n. 寡妇','[\'wid4u]',2963),('width','n.①宽度，阔度，广度②宽阔，广阔','[wid7]',2964),('willing','adj. 自愿的,乐意的,心甘情愿的','[\'wili6]',2965),('winner','n. 得胜者,获奖者','[\'win4]',2966),('wire','n. 金属丝,电线;电报,电信 v. 给…安装电线;电汇,发电报','[\'w2i4]',2967),('wisdom','n. (U)明知,正确判断;智慧,学问','[\'wizd4m]',2968),('wit','n. 风趣,妙语;(pl. )智力,才智','[wit]',2969),('withdraw','v. 收回,撤消,撤退','[wi0\'dr3:]',2970),('withstand','vt. 经受,承受','[wi0\'st1nd]',2971),('witness','n. 目击者,见证人;证据,证言 vt. 目击,注意到;为…作证,证明','[\'witnis]',2972),('wolf','n.狼','[wulf]',2973),('wonder','vt. 对…感到疑惑,想知道;感到惊讶 n. (U)惊奇,惊异;奇迹','[\'w8nd4]',2974),('wonderful','adj. 极好的;惊人的,奇妙的','[\'w8nd4ful]',2975),('wood','n. (U)木头,木材,木料;(pl.)林地,树林','[wud]',2976),('wooden','adj. 木制的,木头的;木头似的,呆笨的','[\'wudn]',2977),('wool','n. 羊毛;毛线,毛织品','[wul]',2978),('workman','n. 技术工人,工匠','[\'w4:km4n]',2979),('workshop','n. 车间,工场,作坊;研讨会,讲习班','[\'w4:k53p]',2980),('worldwide','adj./adv. 世界范围(的)','[`w4ld\'w2id]',2981),('worm','n.虫,蠕虫','[w4:m]',2982),('worm','n.虫，蠕虫','[w4:m]',2983),('worship','n. /vt. 崇拜,崇敬;敬奉,信奉','[\'w4:5ip]',2984),('worthless','adj. 无价值的,没有用处的','[\'w4:7lis]',2985),('worthwhile','adj. 值得(去花时间、精力等做)的','[`w4:7\'w2il]',2986),('worthy','adj. 值得的,配得上的;有价值的,可尊敬的','[\'w4:0i]',2987),('wrap','vt. 包,裹 n. 披肩,围巾','[r1p]',2988),('wreck','vt. 破坏,毁坏;造成…失事,使遇难 n. 失事,失事船(或飞机),残骸;精神或身体已垮的人','[rek]',2989),('wrist','n. 腕,腕关节','[rist]',2990),('writer','n. 作者,作家','[\'r2it4]',2991),('writing','n. (pl.)著作,作品;(U)(书)写,写作','[\'r2iti6]',2992),('X-ray','n. X射线,X光','[\'eksrei]',2993),('yard','n. 院子,场地;码','[ja:d]',2994),('yawn','vi. 打呵欠 n. 呵欠','[j3:n]',2995),('yearly','adj. 每年的,一年一度的adv. 每年,一年一次地','[\'ji4li]',2996),('yeast','n. 酵母,发酵物','[ji:st]',2997),('yell','v. 叫喊','[jel]',2998),('yesterday','n. /adv. 昨天','[\'jest4di]',2999),('yet','adv. 还,尚,仍然;已经;甚至,更 conj. 然而,但是','[jet]',3000),('yield','vi. 屈服,服从;倒塌,垮掉 vt. 产生,出产;让出,放弃 n. 产量,收益','[ji:ld]',3001),('youngster','n. 青年,年轻人,孩子','[\'j86st4]',3002),('youthful','adj. 年轻的,有青春活力的','[\'ju:7f4l]',3003),('zeal','n. 热情,热忱','[zi:l]',3004),('zealous','adj. 热心的,热情的','[\'zel4s]',3005),('zebra','n. 斑马','[\'zi:br4]',3006),('zero','num. 零 n. (U)零点,零度','[\'zi4r4u]',3007),('zone','n. 地区,区域','[z4un]',3008),('testingWord01','测试类','测试类',3009);
/*!40000 ALTER TABLE `wordlist` ENABLE KEYS */;
UNLOCK TABLES;
/*!40103 SET TIME_ZONE=@OLD_TIME_ZONE */;

/*!40101 SET SQL_MODE=@OLD_SQL_MODE */;
/*!40014 SET FOREIGN_KEY_CHECKS=@OLD_FOREIGN_KEY_CHECKS */;
/*!40014 SET UNIQUE_CHECKS=@OLD_UNIQUE_CHECKS */;
/*!40101 SET CHARACTER_SET_CLIENT=@OLD_CHARACTER_SET_CLIENT */;
/*!40101 SET CHARACTER_SET_RESULTS=@OLD_CHARACTER_SET_RESULTS */;
/*!40101 SET COLLATION_CONNECTION=@OLD_COLLATION_CONNECTION */;
/*!40111 SET SQL_NOTES=@OLD_SQL_NOTES */;

-- Dump completed on 2023-05-28 22:01:53
